file,line,type,commit,author,date,time,timezone,datetime,depth,length
style.css,1,css,6e9d6f2a,Yuxuan Zhou,2025-01-16,01:06:06,-08:00,2025-01-16T01:06:06-08:00,0,6
style.css,2,css,6e9d6f2a,Yuxuan Zhou,2025-01-16,01:06:06,-08:00,2025-01-16T01:06:06-08:00,0,34
style.css,3,css,364515ed,Yuxuan Zhou,2025-01-24,20:54:12,-08:00,2025-01-24T20:54:12-08:00,0,24
style.css,4,css,6e9d6f2a,Yuxuan Zhou,2025-01-16,01:06:06,-08:00,2025-01-16T01:06:06-08:00,0,0
style.css,5,css,364515ed,Yuxuan Zhou,2025-01-24,20:54:12,-08:00,2025-01-24T20:54:12-08:00,0,30
style.css,6,css,364515ed,Yuxuan Zhou,2025-01-24,20:54:12,-08:00,2025-01-24T20:54:12-08:00,0,24
style.css,7,css,364515ed,Yuxuan Zhou,2025-01-24,20:54:12,-08:00,2025-01-24T20:54:12-08:00,0,0
style.css,8,css,364515ed,Yuxuan Zhou,2025-01-24,20:54:12,-08:00,2025-01-24T20:54:12-08:00,0,28
style.css,9,css,364515ed,Yuxuan Zhou,2025-01-24,20:54:12,-08:00,2025-01-24T20:54:12-08:00,0,25
style.css,10,css,364515ed,Yuxuan Zhou,2025-01-24,20:54:12,-08:00,2025-01-24T20:54:12-08:00,0,3
style.css,11,css,364515ed,Yuxuan Zhou,2025-01-24,20:54:12,-08:00,2025-01-24T20:54:12-08:00,0,0
style.css,12,css,eac89714,Yuxuan Zhou,2025-01-17,17:38:32,-08:00,2025-01-17T17:38:32-08:00,0,4
style.css,13,css,eac89714,Yuxuan Zhou,2025-01-17,17:38:32,-08:00,2025-01-17T17:38:32-08:00,0,33
style.css,14,css,eac89714,Yuxuan Zhou,2025-01-17,17:38:32,-08:00,2025-01-17T17:38:32-08:00,0,0
style.css,15,css,eac89714,Yuxuan Zhou,2025-01-17,17:38:32,-08:00,2025-01-17T17:38:32-08:00,0,5
style.css,16,css,eac89714,Yuxuan Zhou,2025-01-17,17:38:32,-08:00,2025-01-17T17:38:32-08:00,0,44
style.css,17,css,eac89714,Yuxuan Zhou,2025-01-17,17:38:32,-08:00,2025-01-17T17:38:32-08:00,0,43
style.css,18,css,eac89714,Yuxuan Zhou,2025-01-17,17:38:32,-08:00,2025-01-17T17:38:32-08:00,0,1
style.css,19,css,364515ed,Yuxuan Zhou,2025-01-24,20:54:12,-08:00,2025-01-24T20:54:12-08:00,0,0
style.css,20,css,eac89714,Yuxuan Zhou,2025-01-17,17:38:32,-08:00,2025-01-17T17:38:32-08:00,0,24
style.css,21,css,eac89714,Yuxuan Zhou,2025-01-17,17:38:32,-08:00,2025-01-17T17:38:32-08:00,0,14
style.css,22,css,eac89714,Yuxuan Zhou,2025-01-17,17:38:32,-08:00,2025-01-17T17:38:32-08:00,0,19
style.css,23,css,eac89714,Yuxuan Zhou,2025-01-17,17:38:32,-08:00,2025-01-17T17:38:32-08:00,0,21
style.css,24,css,eac89714,Yuxuan Zhou,2025-01-17,17:38:32,-08:00,2025-01-17T17:38:32-08:00,0,18
style.css,25,css,eac89714,Yuxuan Zhou,2025-01-17,17:38:32,-08:00,2025-01-17T17:38:32-08:00,0,14
style.css,26,css,eac89714,Yuxuan Zhou,2025-01-17,17:38:32,-08:00,2025-01-17T17:38:32-08:00,0,25
style.css,27,css,eac89714,Yuxuan Zhou,2025-01-17,17:38:32,-08:00,2025-01-17T17:38:32-08:00,0,16
style.css,28,css,eac89714,Yuxuan Zhou,2025-01-17,17:38:32,-08:00,2025-01-17T17:38:32-08:00,0,0
style.css,29,css,364515ed,Yuxuan Zhou,2025-01-24,20:54:12,-08:00,2025-01-24T20:54:12-08:00,0,0
style.css,30,css,6e9d6f2a,Yuxuan Zhou,2025-01-16,01:06:06,-08:00,2025-01-16T01:06:06-08:00,0,3
style.css,31,css,6e9d6f2a,Yuxuan Zhou,2025-01-16,01:06:06,-08:00,2025-01-16T01:06:06-08:00,0,13
style.css,32,css,6e9d6f2a,Yuxuan Zhou,2025-01-16,01:06:06,-08:00,2025-01-16T01:06:06-08:00,0,14
style.css,33,css,333fb02b,Yuxuan Zhou,2025-01-16,15:47:18,-08:00,2025-01-16T15:47:18-08:00,0,14
style.css,34,css,6e9d6f2a,Yuxuan Zhou,2025-01-16,01:06:06,-08:00,2025-01-16T01:06:06-08:00,0,18
style.css,35,css,6e9d6f2a,Yuxuan Zhou,2025-01-16,01:06:06,-08:00,2025-01-16T01:06:06-08:00,0,21
style.css,36,css,eac89714,Yuxuan Zhou,2025-01-17,17:38:32,-08:00,2025-01-17T17:38:32-08:00,0,19
style.css,37,css,6e9d6f2a,Yuxuan Zhou,2025-01-16,01:06:06,-08:00,2025-01-16T01:06:06-08:00,0,24
style.css,38,css,6e9d6f2a,Yuxuan Zhou,2025-01-16,01:06:06,-08:00,2025-01-16T01:06:06-08:00,0,26
style.css,39,css,6e9d6f2a,Yuxuan Zhou,2025-01-16,01:06:06,-08:00,2025-01-16T01:06:06-08:00,0,38
style.css,40,css,364515ed,Yuxuan Zhou,2025-01-24,20:54:12,-08:00,2025-01-24T20:54:12-08:00,0,40
style.css,41,css,364515ed,Yuxuan Zhou,2025-01-24,20:54:12,-08:00,2025-01-24T20:54:12-08:00,0,40
style.css,42,css,364515ed,Yuxuan Zhou,2025-01-24,20:54:12,-08:00,2025-01-24T20:54:12-08:00,0,0
style.css,43,css,6e9d6f2a,Yuxuan Zhou,2025-01-16,01:06:06,-08:00,2025-01-16T01:06:06-08:00,0,0
style.css,44,css,eac89714,Yuxuan Zhou,2025-01-17,17:38:32,-08:00,2025-01-17T17:38:32-08:00,0,7
style.css,45,css,6e9d6f2a,Yuxuan Zhou,2025-01-16,01:06:06,-08:00,2025-01-16T01:06:06-08:00,0,14
style.css,46,css,6e9d6f2a,Yuxuan Zhou,2025-01-16,01:06:06,-08:00,2025-01-16T01:06:06-08:00,0,17
style.css,47,css,6e9d6f2a,Yuxuan Zhou,2025-01-16,01:06:06,-08:00,2025-01-16T01:06:06-08:00,0,0
style.css,48,css,eac89714,Yuxuan Zhou,2025-01-17,17:38:32,-08:00,2025-01-17T17:38:32-08:00,0,6
style.css,49,css,6e9d6f2a,Yuxuan Zhou,2025-01-16,01:06:06,-08:00,2025-01-16T01:06:06-08:00,0,17
style.css,50,css,6e9d6f2a,Yuxuan Zhou,2025-01-16,01:06:06,-08:00,2025-01-16T01:06:06-08:00,0,0
style.css,51,css,eac89714,Yuxuan Zhou,2025-01-17,17:38:32,-08:00,2025-01-17T17:38:32-08:00,0,5
style.css,52,css,6e9d6f2a,Yuxuan Zhou,2025-01-16,01:06:06,-08:00,2025-01-16T01:06:06-08:00,0,7
style.css,53,css,6e9d6f2a,Yuxuan Zhou,2025-01-16,01:06:06,-08:00,2025-01-16T01:06:06-08:00,0,21
style.css,54,css,6e9d6f2a,Yuxuan Zhou,2025-01-16,01:06:06,-08:00,2025-01-16T01:06:06-08:00,0,0
style.css,55,css,eac89714,Yuxuan Zhou,2025-01-17,17:38:32,-08:00,2025-01-17T17:38:32-08:00,0,13
style.css,56,css,eac89714,Yuxuan Zhou,2025-01-17,17:38:32,-08:00,2025-01-17T17:38:32-08:00,0,24
style.css,57,css,eac89714,Yuxuan Zhou,2025-01-17,17:38:32,-08:00,2025-01-17T17:38:32-08:00,0,44
style.css,58,css,eac89714,Yuxuan Zhou,2025-01-17,17:38:32,-08:00,2025-01-17T17:38:32-08:00,0,22
style.css,59,css,333fb02b,Yuxuan Zhou,2025-01-16,15:47:18,-08:00,2025-01-16T15:47:18-08:00,0,0
style.css,60,css,eac89714,Yuxuan Zhou,2025-01-17,17:38:32,-08:00,2025-01-17T17:38:32-08:00,0,12
style.css,61,css,6e9d6f2a,Yuxuan Zhou,2025-01-16,01:06:06,-08:00,2025-01-16T01:06:06-08:00,0,15
style.css,62,css,6e9d6f2a,Yuxuan Zhou,2025-01-16,01:06:06,-08:00,2025-01-16T01:06:06-08:00,0,32
style.css,63,css,364515ed,Yuxuan Zhou,2025-01-24,20:54:12,-08:00,2025-01-24T20:54:12-08:00,0,58
style.css,64,css,364515ed,Yuxuan Zhou,2025-01-24,20:54:12,-08:00,2025-01-24T20:54:12-08:00,0,70
style.css,65,css,6e9d6f2a,Yuxuan Zhou,2025-01-16,01:06:06,-08:00,2025-01-16T01:06:06-08:00,0,0
style.css,66,css,eac89714,Yuxuan Zhou,2025-01-17,17:38:32,-08:00,2025-01-17T17:38:32-08:00,0,3
style.css,67,css,eac89714,Yuxuan Zhou,2025-01-17,17:38:32,-08:00,2025-01-17T17:38:32-08:00,0,12
style.css,68,css,eac89714,Yuxuan Zhou,2025-01-17,17:38:32,-08:00,2025-01-17T17:38:32-08:00,0,0
style.css,69,css,eac89714,Yuxuan Zhou,2025-01-17,17:38:32,-08:00,2025-01-17T17:38:32-08:00,0,9
style.css,70,css,eac89714,Yuxuan Zhou,2025-01-17,17:38:32,-08:00,2025-01-17T17:38:32-08:00,0,6
style.css,71,css,eac89714,Yuxuan Zhou,2025-01-17,17:38:32,-08:00,2025-01-17T17:38:32-08:00,0,22
style.css,72,css,eac89714,Yuxuan Zhou,2025-01-17,17:38:32,-08:00,2025-01-17T17:38:32-08:00,0,19
style.css,73,css,eac89714,Yuxuan Zhou,2025-01-17,17:38:32,-08:00,2025-01-17T17:38:32-08:00,0,12
style.css,74,css,eac89714,Yuxuan Zhou,2025-01-17,17:38:32,-08:00,2025-01-17T17:38:32-08:00,0,20
style.css,75,css,eac89714,Yuxuan Zhou,2025-01-17,17:38:32,-08:00,2025-01-17T17:38:32-08:00,0,27
style.css,76,css,eac89714,Yuxuan Zhou,2025-01-17,17:38:32,-08:00,2025-01-17T17:38:32-08:00,0,29
style.css,77,css,eac89714,Yuxuan Zhou,2025-01-17,17:38:32,-08:00,2025-01-17T17:38:32-08:00,0,0
style.css,78,css,eac89714,Yuxuan Zhou,2025-01-17,17:38:32,-08:00,2025-01-17T17:38:32-08:00,0,8
style.css,79,css,eac89714,Yuxuan Zhou,2025-01-17,17:38:32,-08:00,2025-01-17T17:38:32-08:00,0,20
style.css,80,css,eac89714,Yuxuan Zhou,2025-01-17,17:38:32,-08:00,2025-01-17T17:38:32-08:00,0,10
style.css,81,css,eac89714,Yuxuan Zhou,2025-01-17,17:38:32,-08:00,2025-01-17T17:38:32-08:00,0,18
style.css,82,css,eac89714,Yuxuan Zhou,2025-01-17,17:38:32,-08:00,2025-01-17T17:38:32-08:00,0,8
style.css,83,css,eac89714,Yuxuan Zhou,2025-01-17,17:38:32,-08:00,2025-01-17T17:38:32-08:00,0,9
style.css,84,css,eac89714,Yuxuan Zhou,2025-01-17,17:38:32,-08:00,2025-01-17T17:38:32-08:00,0,32
style.css,85,css,eac89714,Yuxuan Zhou,2025-01-17,17:38:32,-08:00,2025-01-17T17:38:32-08:00,0,35
style.css,86,css,eac89714,Yuxuan Zhou,2025-01-17,17:38:32,-08:00,2025-01-17T17:38:32-08:00,0,0
style.css,87,css,eac89714,Yuxuan Zhou,2025-01-17,17:38:32,-08:00,2025-01-17T17:38:32-08:00,0,6
style.css,88,css,eac89714,Yuxuan Zhou,2025-01-17,17:38:32,-08:00,2025-01-17T17:38:32-08:00,0,18
style.css,89,css,eac89714,Yuxuan Zhou,2025-01-17,17:38:32,-08:00,2025-01-17T17:38:32-08:00,0,37
style.css,90,css,eac89714,Yuxuan Zhou,2025-01-17,17:38:32,-08:00,2025-01-17T17:38:32-08:00,0,12
style.css,91,css,eac89714,Yuxuan Zhou,2025-01-17,17:38:32,-08:00,2025-01-17T17:38:32-08:00,0,15
style.css,92,css,eac89714,Yuxuan Zhou,2025-01-17,17:38:32,-08:00,2025-01-17T17:38:32-08:00,0,18
style.css,93,css,eac89714,Yuxuan Zhou,2025-01-17,17:38:32,-08:00,2025-01-17T17:38:32-08:00,0,0
style.css,94,css,eac89714,Yuxuan Zhou,2025-01-17,17:38:32,-08:00,2025-01-17T17:38:32-08:00,0,18
style.css,95,css,eac89714,Yuxuan Zhou,2025-01-17,17:38:32,-08:00,2025-01-17T17:38:32-08:00,0,12
style.css,96,css,eac89714,Yuxuan Zhou,2025-01-17,17:38:32,-08:00,2025-01-17T17:38:32-08:00,0,0
style.css,97,css,eac89714,Yuxuan Zhou,2025-01-17,17:38:32,-08:00,2025-01-17T17:38:32-08:00,0,19
style.css,98,css,eac89714,Yuxuan Zhou,2025-01-17,17:38:32,-08:00,2025-01-17T17:38:32-08:00,0,10
style.css,99,css,eac89714,Yuxuan Zhou,2025-01-17,17:38:32,-08:00,2025-01-17T17:38:32-08:00,0,0
style.css,100,css,eac89714,Yuxuan Zhou,2025-01-17,17:38:32,-08:00,2025-01-17T17:38:32-08:00,0,23
style.css,101,css,eac89714,Yuxuan Zhou,2025-01-17,17:38:32,-08:00,2025-01-17T17:38:32-08:00,0,4
style.css,102,css,eac89714,Yuxuan Zhou,2025-01-17,17:38:32,-08:00,2025-01-17T17:38:32-08:00,0,7
style.css,103,css,eac89714,Yuxuan Zhou,2025-01-17,17:38:32,-08:00,2025-01-17T17:38:32-08:00,0,13
style.css,104,css,eac89714,Yuxuan Zhou,2025-01-17,17:38:32,-08:00,2025-01-17T17:38:32-08:00,0,31
style.css,105,css,eac89714,Yuxuan Zhou,2025-01-17,17:38:32,-08:00,2025-01-17T17:38:32-08:00,0,16
style.css,106,css,eac89714,Yuxuan Zhou,2025-01-17,17:38:32,-08:00,2025-01-17T17:38:32-08:00,0,0
style.css,107,css,eac89714,Yuxuan Zhou,2025-01-17,17:38:32,-08:00,2025-01-17T17:38:32-08:00,0,0
style.css,108,css,eac89714,Yuxuan Zhou,2025-01-17,17:38:32,-08:00,2025-01-17T17:38:32-08:00,0,8
style.css,109,css,eac89714,Yuxuan Zhou,2025-01-17,17:38:32,-08:00,2025-01-17T17:38:32-08:00,0,14
style.css,110,css,eac89714,Yuxuan Zhou,2025-01-17,17:38:32,-08:00,2025-01-17T17:38:32-08:00,0,13
style.css,111,css,eac89714,Yuxuan Zhou,2025-01-17,17:38:32,-08:00,2025-01-17T17:38:32-08:00,0,14
style.css,112,css,eac89714,Yuxuan Zhou,2025-01-17,17:38:32,-08:00,2025-01-17T17:38:32-08:00,0,0
style.css,113,css,eac89714,Yuxuan Zhou,2025-01-17,17:38:32,-08:00,2025-01-17T17:38:32-08:00,0,13
style.css,114,css,eac89714,Yuxuan Zhou,2025-01-17,17:38:32,-08:00,2025-01-17T17:38:32-08:00,0,13
style.css,115,css,eac89714,Yuxuan Zhou,2025-01-17,17:38:32,-08:00,2025-01-17T17:38:32-08:00,0,14
style.css,116,css,eac89714,Yuxuan Zhou,2025-01-17,17:38:32,-08:00,2025-01-17T17:38:32-08:00,0,0
style.css,117,css,eac89714,Yuxuan Zhou,2025-01-17,17:38:32,-08:00,2025-01-17T17:38:32-08:00,0,5
style.css,118,css,eac89714,Yuxuan Zhou,2025-01-17,17:38:32,-08:00,2025-01-17T17:38:32-08:00,0,17
style.css,119,css,eac89714,Yuxuan Zhou,2025-01-17,17:38:32,-08:00,2025-01-17T17:38:32-08:00,0,19
style.css,120,css,eac89714,Yuxuan Zhou,2025-01-17,17:38:32,-08:00,2025-01-17T17:38:32-08:00,0,8
style.css,121,css,eac89714,Yuxuan Zhou,2025-01-17,17:38:32,-08:00,2025-01-17T17:38:32-08:00,0,0
style.css,122,css,eac89714,Yuxuan Zhou,2025-01-17,17:38:32,-08:00,2025-01-17T17:38:32-08:00,0,0
style.css,123,css,eac89714,Yuxuan Zhou,2025-01-17,17:38:32,-08:00,2025-01-17T17:38:32-08:00,0,23
style.css,124,css,eac89714,Yuxuan Zhou,2025-01-17,17:38:32,-08:00,2025-01-17T17:38:32-08:00,0,9
style.css,125,css,eac89714,Yuxuan Zhou,2025-01-17,17:38:32,-08:00,2025-01-17T17:38:32-08:00,0,13
style.css,126,css,eac89714,Yuxuan Zhou,2025-01-17,17:38:32,-08:00,2025-01-17T17:38:32-08:00,0,58
style.css,127,css,eac89714,Yuxuan Zhou,2025-01-17,17:38:32,-08:00,2025-01-17T17:38:32-08:00,0,15
style.css,128,css,eac89714,Yuxuan Zhou,2025-01-17,17:38:32,-08:00,2025-01-17T17:38:32-08:00,0,13
style.css,129,css,eac89714,Yuxuan Zhou,2025-01-17,17:38:32,-08:00,2025-01-17T17:38:32-08:00,0,22
style.css,130,css,eac89714,Yuxuan Zhou,2025-01-17,17:38:32,-08:00,2025-01-17T17:38:32-08:00,0,0
style.css,131,css,eac89714,Yuxuan Zhou,2025-01-17,17:38:32,-08:00,2025-01-17T17:38:32-08:00,0,17
style.css,132,css,eac89714,Yuxuan Zhou,2025-01-17,17:38:32,-08:00,2025-01-17T17:38:32-08:00,0,27
style.css,133,css,eac89714,Yuxuan Zhou,2025-01-17,17:38:32,-08:00,2025-01-17T17:38:32-08:00,0,16
style.css,134,css,eac89714,Yuxuan Zhou,2025-01-17,17:38:32,-08:00,2025-01-17T17:38:32-08:00,0,8
style.css,135,css,eac89714,Yuxuan Zhou,2025-01-17,17:38:32,-08:00,2025-01-17T17:38:32-08:00,0,16
style.css,136,css,eac89714,Yuxuan Zhou,2025-01-17,17:38:32,-08:00,2025-01-17T17:38:32-08:00,0,0
style.css,137,css,eac89714,Yuxuan Zhou,2025-01-17,17:38:32,-08:00,2025-01-17T17:38:32-08:00,0,11
style.css,138,css,eac89714,Yuxuan Zhou,2025-01-17,17:38:32,-08:00,2025-01-17T17:38:32-08:00,0,26
style.css,139,css,eac89714,Yuxuan Zhou,2025-01-17,17:38:32,-08:00,2025-01-17T17:38:32-08:00,0,22
style.css,140,css,eac89714,Yuxuan Zhou,2025-01-17,17:38:32,-08:00,2025-01-17T17:38:32-08:00,0,18
style.css,141,css,eac89714,Yuxuan Zhou,2025-01-17,17:38:32,-08:00,2025-01-17T17:38:32-08:00,0,0
style.css,142,css,eac89714,Yuxuan Zhou,2025-01-17,17:38:32,-08:00,2025-01-17T17:38:32-08:00,0,0
style.css,143,css,eac89714,Yuxuan Zhou,2025-01-17,17:38:32,-08:00,2025-01-17T17:38:32-08:00,0,32
style.css,144,css,eac89714,Yuxuan Zhou,2025-01-17,17:38:32,-08:00,2025-01-17T17:38:32-08:00,0,14
style.css,145,css,eac89714,Yuxuan Zhou,2025-01-17,17:38:32,-08:00,2025-01-17T17:38:32-08:00,0,16
style.css,146,css,eac89714,Yuxuan Zhou,2025-01-17,17:38:32,-08:00,2025-01-17T17:38:32-08:00,0,18
style.css,147,css,eac89714,Yuxuan Zhou,2025-01-17,17:38:32,-08:00,2025-01-17T17:38:32-08:00,0,0
style.css,148,css,eac89714,Yuxuan Zhou,2025-01-17,17:38:32,-08:00,2025-01-17T17:38:32-08:00,0,12
style.css,149,css,eac89714,Yuxuan Zhou,2025-01-17,17:38:32,-08:00,2025-01-17T17:38:32-08:00,0,8
style.css,150,css,eac89714,Yuxuan Zhou,2025-01-17,17:38:32,-08:00,2025-01-17T17:38:32-08:00,0,0
style.css,151,css,364515ed,Yuxuan Zhou,2025-01-24,20:54:12,-08:00,2025-01-24T20:54:12-08:00,0,18
style.css,152,css,364515ed,Yuxuan Zhou,2025-01-24,20:54:12,-08:00,2025-01-24T20:54:12-08:00,0,18
style.css,153,css,364515ed,Yuxuan Zhou,2025-01-24,20:54:12,-08:00,2025-01-24T20:54:12-08:00,0,9
style.css,154,css,364515ed,Yuxuan Zhou,2025-01-24,20:54:12,-08:00,2025-01-24T20:54:12-08:00,0,10
style.css,155,css,364515ed,Yuxuan Zhou,2025-01-24,20:54:12,-08:00,2025-01-24T20:54:12-08:00,0,17
style.css,156,css,364515ed,Yuxuan Zhou,2025-01-24,20:54:12,-08:00,2025-01-24T20:54:12-08:00,0,20
style.css,157,css,0e972b27,Yuxuan Zhou,2025-01-31,22:07:14,-08:00,2025-01-31T22:07:14-08:00,0,0
style.css,158,css,0e972b27,Yuxuan Zhou,2025-01-31,22:07:14,-08:00,2025-01-31T22:07:14-08:00,0,0
style.css,159,css,0e972b27,Yuxuan Zhou,2025-01-31,22:07:14,-08:00,2025-01-31T22:07:14-08:00,0,10
style.css,160,css,0e972b27,Yuxuan Zhou,2025-01-31,22:07:14,-08:00,2025-01-31T22:07:14-08:00,0,18
style.css,161,css,0e972b27,Yuxuan Zhou,2025-01-31,22:07:14,-08:00,2025-01-31T22:07:14-08:00,0,16
style.css,162,css,0e972b27,Yuxuan Zhou,2025-01-31,22:07:14,-08:00,2025-01-31T22:07:14-08:00,0,0
style.css,163,css,0e972b27,Yuxuan Zhou,2025-01-31,22:07:14,-08:00,2025-01-31T22:07:14-08:00,0,0
style.css,164,css,0e972b27,Yuxuan Zhou,2025-01-31,22:07:14,-08:00,2025-01-31T22:07:14-08:00,0,18
style.css,165,css,0e972b27,Yuxuan Zhou,2025-01-31,22:07:14,-08:00,2025-01-31T22:07:14-08:00,0,13
style.css,166,css,0e972b27,Yuxuan Zhou,2025-01-31,22:07:14,-08:00,2025-01-31T22:07:14-08:00,0,37
style.css,167,css,0e972b27,Yuxuan Zhou,2025-01-31,22:07:14,-08:00,2025-01-31T22:07:14-08:00,0,18
style.css,168,css,0e972b27,Yuxuan Zhou,2025-01-31,22:07:14,-08:00,2025-01-31T22:07:14-08:00,0,9
style.css,169,css,0e972b27,Yuxuan Zhou,2025-01-31,22:07:14,-08:00,2025-01-31T22:07:14-08:00,0,0
style.css,170,css,0e972b27,Yuxuan Zhou,2025-01-31,22:07:14,-08:00,2025-01-31T22:07:14-08:00,0,0
style.css,171,css,0e972b27,Yuxuan Zhou,2025-01-31,22:07:14,-08:00,2025-01-31T22:07:14-08:00,0,18
style.css,172,css,0e972b27,Yuxuan Zhou,2025-01-31,22:07:14,-08:00,2025-01-31T22:07:14-08:00,0,11
style.css,173,css,0e972b27,Yuxuan Zhou,2025-01-31,22:07:14,-08:00,2025-01-31T22:07:14-08:00,0,26
style.css,174,css,0e972b27,Yuxuan Zhou,2025-01-31,22:07:14,-08:00,2025-01-31T22:07:14-08:00,0,12
style.css,175,css,0e972b27,Yuxuan Zhou,2025-01-31,22:07:14,-08:00,2025-01-31T22:07:14-08:00,0,0
style.css,176,css,0e972b27,Yuxuan Zhou,2025-01-31,22:07:14,-08:00,2025-01-31T22:07:14-08:00,0,0
style.css,177,css,0e972b27,Yuxuan Zhou,2025-01-31,22:07:14,-08:00,2025-01-31T22:07:14-08:00,0,18
style.css,178,css,0e972b27,Yuxuan Zhou,2025-01-31,22:07:14,-08:00,2025-01-31T22:07:14-08:00,0,11
style.css,179,css,0e972b27,Yuxuan Zhou,2025-01-31,22:07:14,-08:00,2025-01-31T22:07:14-08:00,0,15
style.css,180,css,0e972b27,Yuxuan Zhou,2025-01-31,22:07:14,-08:00,2025-01-31T22:07:14-08:00,0,0
style.css,181,css,d8f9db22,kyxz1813,2025-02-07,20:15:07,-08:00,2025-02-07T20:15:07-08:00,0,0
style.css,182,css,d8f9db22,kyxz1813,2025-02-07,20:15:07,-08:00,2025-02-07T20:15:07-08:00,0,10
style.css,183,css,d8f9db22,kyxz1813,2025-02-07,20:15:07,-08:00,2025-02-07T20:15:07-08:00,0,14
style.css,184,css,d8f9db22,kyxz1813,2025-02-07,20:15:07,-08:00,2025-02-07T20:15:07-08:00,0,15
style.css,185,css,d8f9db22,kyxz1813,2025-02-07,20:15:07,-08:00,2025-02-07T20:15:07-08:00,0,17
style.css,186,css,d8f9db22,kyxz1813,2025-02-07,20:15:07,-08:00,2025-02-07T20:15:07-08:00,0,17
style.css,187,css,d8f9db22,kyxz1813,2025-02-07,20:15:07,-08:00,2025-02-07T20:15:07-08:00,0,0
style.css,188,css,d8f9db22,kyxz1813,2025-02-07,20:15:07,-08:00,2025-02-07T20:15:07-08:00,0,0
style.css,189,css,d8f9db22,kyxz1813,2025-02-07,20:15:07,-08:00,2025-02-07T20:15:07-08:00,0,11
style.css,190,css,d8f9db22,kyxz1813,2025-02-07,20:15:07,-08:00,2025-02-07T20:15:07-08:00,0,13
style.css,191,css,d8f9db22,kyxz1813,2025-02-07,20:15:07,-08:00,2025-02-07T20:15:07-08:00,0,39
style.css,192,css,d8f9db22,kyxz1813,2025-02-07,20:15:07,-08:00,2025-02-07T20:15:07-08:00,0,19
style.css,193,css,d8f9db22,kyxz1813,2025-02-07,20:15:07,-08:00,2025-02-07T20:15:07-08:00,0,64
style.css,194,css,d8f9db22,kyxz1813,2025-02-07,20:15:07,-08:00,2025-02-07T20:15:07-08:00,0,48
style.css,195,css,d8f9db22,kyxz1813,2025-02-07,20:15:07,-08:00,2025-02-07T20:15:07-08:00,0,12
style.css,196,css,d8f9db22,kyxz1813,2025-02-07,20:15:07,-08:00,2025-02-07T20:15:07-08:00,0,0
style.css,197,css,d8f9db22,kyxz1813,2025-02-07,20:15:07,-08:00,2025-02-07T20:15:07-08:00,0,0
style.css,198,css,d8f9db22,kyxz1813,2025-02-07,20:15:07,-08:00,2025-02-07T20:15:07-08:00,0,8
style.css,199,css,d8f9db22,kyxz1813,2025-02-07,20:15:07,-08:00,2025-02-07T20:15:07-08:00,0,60
style.css,200,css,d8f9db22,kyxz1813,2025-02-07,20:15:07,-08:00,2025-02-07T20:15:07-08:00,0,16
style.css,201,css,d8f9db22,kyxz1813,2025-02-07,20:15:07,-08:00,2025-02-07T20:15:07-08:00,0,13
style.css,202,css,d8f9db22,kyxz1813,2025-02-07,20:15:07,-08:00,2025-02-07T20:15:07-08:00,0,59
style.css,203,css,d8f9db22,kyxz1813,2025-02-07,20:15:07,-08:00,2025-02-07T20:15:07-08:00,0,19
style.css,204,css,d8f9db22,kyxz1813,2025-02-07,20:15:07,-08:00,2025-02-07T20:15:07-08:00,0,45
style.css,205,css,d8f9db22,kyxz1813,2025-02-07,20:15:07,-08:00,2025-02-07T20:15:07-08:00,0,49
style.css,206,css,d8f9db22,kyxz1813,2025-02-07,20:15:07,-08:00,2025-02-07T20:15:07-08:00,0,44
style.css,207,css,d8f9db22,kyxz1813,2025-02-07,20:15:07,-08:00,2025-02-07T20:15:07-08:00,0,49
style.css,208,css,d8f9db22,kyxz1813,2025-02-07,20:15:07,-08:00,2025-02-07T20:15:07-08:00,0,50
style.css,209,css,d8f9db22,kyxz1813,2025-02-07,20:15:07,-08:00,2025-02-07T20:15:07-08:00,0,12
style.css,210,css,d8f9db22,kyxz1813,2025-02-07,20:15:07,-08:00,2025-02-07T20:15:07-08:00,0,11
style.css,211,css,d8f9db22,kyxz1813,2025-02-07,20:15:07,-08:00,2025-02-07T20:15:07-08:00,0,16
style.css,212,css,d8f9db22,kyxz1813,2025-02-07,20:15:07,-08:00,2025-02-07T20:15:07-08:00,0,28
style.css,213,css,d8f9db22,kyxz1813,2025-02-07,20:15:07,-08:00,2025-02-07T20:15:07-08:00,0,0
style.css,214,css,d8f9db22,kyxz1813,2025-02-07,20:15:07,-08:00,2025-02-07T20:15:07-08:00,0,0
style.css,215,css,d8f9db22,kyxz1813,2025-02-07,20:15:07,-08:00,2025-02-07T20:15:07-08:00,0,11
style.css,216,css,d8f9db22,kyxz1813,2025-02-07,20:15:07,-08:00,2025-02-07T20:15:07-08:00,0,13
style.css,217,css,d8f9db22,kyxz1813,2025-02-07,20:15:07,-08:00,2025-02-07T20:15:07-08:00,0,50
style.css,218,css,d8f9db22,kyxz1813,2025-02-07,20:15:07,-08:00,2025-02-07T20:15:07-08:00,0,49
style.css,219,css,d8f9db22,kyxz1813,2025-02-07,20:15:07,-08:00,2025-02-07T20:15:07-08:00,0,0
style.css,220,css,d8f9db22,kyxz1813,2025-02-07,20:15:07,-08:00,2025-02-07T20:15:07-08:00,0,0
style.css,221,css,d8f9db22,kyxz1813,2025-02-07,20:15:07,-08:00,2025-02-07T20:15:07-08:00,0,16
style.css,222,css,d8f9db22,kyxz1813,2025-02-07,20:15:07,-08:00,2025-02-07T20:15:07-08:00,0,47
style.css,223,css,d8f9db22,kyxz1813,2025-02-07,20:15:07,-08:00,2025-02-07T20:15:07-08:00,0,12
style.css,224,css,d8f9db22,kyxz1813,2025-02-07,20:15:07,-08:00,2025-02-07T20:15:07-08:00,0,44
style.css,225,css,d8f9db22,kyxz1813,2025-02-07,20:15:07,-08:00,2025-02-07T20:15:07-08:00,0,62
style.css,226,css,d8f9db22,kyxz1813,2025-02-07,20:15:07,-08:00,2025-02-07T20:15:07-08:00,0,21
style.css,227,css,d8f9db22,kyxz1813,2025-02-07,20:15:07,-08:00,2025-02-07T20:15:07-08:00,0,0
style.css,228,css,d8f9db22,kyxz1813,2025-02-07,20:15:07,-08:00,2025-02-07T20:15:07-08:00,0,0
style.css,229,css,d8f9db22,kyxz1813,2025-02-07,20:15:07,-08:00,2025-02-07T20:15:07-08:00,0,18
style.css,230,css,d8f9db22,kyxz1813,2025-02-07,20:15:07,-08:00,2025-02-07T20:15:07-08:00,0,17
style.css,231,css,d8f9db22,kyxz1813,2025-02-07,20:15:07,-08:00,2025-02-07T20:15:07-08:00,0,12
style.css,232,css,d8f9db22,kyxz1813,2025-02-07,20:15:07,-08:00,2025-02-07T20:15:07-08:00,0,0
style.css,233,css,d8f9db22,kyxz1813,2025-02-07,20:15:07,-08:00,2025-02-07T20:15:07-08:00,0,0
style.css,234,css,d8f9db22,kyxz1813,2025-02-07,20:15:07,-08:00,2025-02-07T20:15:07-08:00,0,0
style.css,235,css,d8f9db22,kyxz1813,2025-02-07,20:15:07,-08:00,2025-02-07T20:15:07-08:00,0,5
style.css,236,css,d8f9db22,kyxz1813,2025-02-07,20:15:07,-08:00,2025-02-07T20:15:07-08:00,0,17
style.css,237,css,d8f9db22,kyxz1813,2025-02-07,20:15:07,-08:00,2025-02-07T20:15:07-08:00,0,15
style.css,238,css,d8f9db22,kyxz1813,2025-02-07,20:15:07,-08:00,2025-02-07T20:15:07-08:00,0,0
style.css,239,css,d8f9db22,kyxz1813,2025-02-07,20:15:07,-08:00,2025-02-07T20:15:07-08:00,0,0
style.css,240,css,d8f9db22,kyxz1813,2025-02-07,20:15:07,-08:00,2025-02-07T20:15:07-08:00,0,10
style.css,241,css,d8f9db22,kyxz1813,2025-02-07,20:15:07,-08:00,2025-02-07T20:15:07-08:00,0,36
style.css,242,css,d8f9db22,kyxz1813,2025-02-07,20:15:07,-08:00,2025-02-07T20:15:07-08:00,0,0
style.css,243,css,d8f9db22,kyxz1813,2025-02-07,20:15:07,-08:00,2025-02-07T20:15:07-08:00,0,11
style.css,244,css,d8f9db22,kyxz1813,2025-02-07,20:15:07,-08:00,2025-02-07T20:15:07-08:00,0,18
style.css,245,css,d8f9db22,kyxz1813,2025-02-07,20:15:07,-08:00,2025-02-07T20:15:07-08:00,0,0
style.css,246,css,d8f9db22,kyxz1813,2025-02-07,20:15:07,-08:00,2025-02-07T20:15:07-08:00,0,0
style.css,247,css,d8f9db22,kyxz1813,2025-02-07,20:15:07,-08:00,2025-02-07T20:15:07-08:00,0,0
style.css,248,css,d8f9db22,kyxz1813,2025-02-07,20:15:07,-08:00,2025-02-07T20:15:07-08:00,0,10
style.css,249,css,d8f9db22,kyxz1813,2025-02-07,20:15:07,-08:00,2025-02-07T20:15:07-08:00,0,23
style.css,250,css,d8f9db22,kyxz1813,2025-02-07,20:15:07,-08:00,2025-02-07T20:15:07-08:00,0,19
style.css,251,css,d8f9db22,kyxz1813,2025-02-07,20:15:07,-08:00,2025-02-07T20:15:07-08:00,0,11
style.css,252,css,d8f9db22,kyxz1813,2025-02-07,20:15:07,-08:00,2025-02-07T20:15:07-08:00,0,0
index.js,1,js,0e972b27,Yuxuan Zhou,2025-01-31,22:07:14,-08:00,2025-01-31T22:07:14-08:00,0,72
index.js,2,js,0e972b27,Yuxuan Zhou,2025-01-31,22:07:14,-08:00,2025-01-31T22:07:14-08:00,0,0
index.js,3,js,5de4a7f4,Yuxuan Zhou,2025-01-31,15:56:01,-08:00,2025-01-31T15:56:01-08:00,0,55
index.js,4,js,5de4a7f4,Yuxuan Zhou,2025-01-31,15:56:01,-08:00,2025-01-31T15:56:01-08:00,0,43
index.js,5,js,5de4a7f4,Yuxuan Zhou,2025-01-31,15:56:01,-08:00,2025-01-31T15:56:01-08:00,0,61
index.js,6,js,5de4a7f4,Yuxuan Zhou,2025-01-31,15:56:01,-08:00,2025-01-31T15:56:01-08:00,0,55
index.js,7,js,5de4a7f4,Yuxuan Zhou,2025-01-31,15:56:01,-08:00,2025-01-31T15:56:01-08:00,0,52
index.js,8,js,5de4a7f4,Yuxuan Zhou,2025-01-31,15:56:01,-08:00,2025-01-31T15:56:01-08:00,0,61
index.js,9,js,5de4a7f4,Yuxuan Zhou,2025-01-31,15:56:01,-08:00,2025-01-31T15:56:01-08:00,0,18
index.js,10,js,5de4a7f4,Yuxuan Zhou,2025-01-31,15:56:01,-08:00,2025-01-31T15:56:01-08:00,0,25
index.js,11,js,0e972b27,Yuxuan Zhou,2025-01-31,22:07:14,-08:00,2025-01-31T22:07:14-08:00,0,22
index.js,12,js,0e972b27,Yuxuan Zhou,2025-01-31,22:07:14,-08:00,2025-01-31T22:07:14-08:00,0,3
index.js,13,js,5de4a7f4,Yuxuan Zhou,2025-01-31,15:56:01,-08:00,2025-01-31T15:56:01-08:00,0,56
index.js,14,js,5de4a7f4,Yuxuan Zhou,2025-01-31,15:56:01,-08:00,2025-01-31T15:56:01-08:00,0,56
index.js,15,js,5de4a7f4,Yuxuan Zhou,2025-01-31,15:56:01,-08:00,2025-01-31T15:56:01-08:00,0,50
index.js,16,js,5de4a7f4,Yuxuan Zhou,2025-01-31,15:56:01,-08:00,2025-01-31T15:56:01-08:00,0,50
index.js,17,js,5de4a7f4,Yuxuan Zhou,2025-01-31,15:56:01,-08:00,2025-01-31T15:56:01-08:00,0,4
index.js,18,js,5de4a7f4,Yuxuan Zhou,2025-01-31,15:56:01,-08:00,2025-01-31T15:56:01-08:00,0,1
index.js,19,js,0e972b27,Yuxuan Zhou,2025-01-31,22:07:14,-08:00,2025-01-31T22:07:14-08:00,0,0
index.js,20,js,0e972b27,Yuxuan Zhou,2025-01-31,22:07:14,-08:00,2025-01-31T22:07:14-08:00,0,25
index.html,1,html,6f9695f3,Yuxuan Zhou,2025-01-09,23:32:27,-08:00,2025-01-09T23:32:27-08:00,0,14
index.html,2,html,364515ed,Yuxuan Zhou,2025-01-24,20:54:12,-08:00,2025-01-24T20:54:12-08:00,0,28
index.html,3,html,eac89714,Yuxuan Zhou,2025-01-17,17:38:32,-08:00,2025-01-17T17:38:32-08:00,0,0
index.html,4,html,6f9695f3,Yuxuan Zhou,2025-01-09,23:32:27,-08:00,2025-01-09T23:32:27-08:00,0,5
index.html,5,html,eac89714,Yuxuan Zhou,2025-01-17,17:38:32,-08:00,2025-01-17T17:38:32-08:00,0,41
index.html,6,html,6f9695f3,Yuxuan Zhou,2025-01-09,23:32:27,-08:00,2025-01-09T23:32:27-08:00,0,21
index.html,7,html,6f9695f3,Yuxuan Zhou,2025-01-09,23:32:27,-08:00,2025-01-09T23:32:27-08:00,0,69
index.html,8,html,6e9d6f2a,Yuxuan Zhou,2025-01-16,01:06:06,-08:00,2025-01-16T01:06:06-08:00,0,46
index.html,9,html,6f9695f3,Yuxuan Zhou,2025-01-09,23:32:27,-08:00,2025-01-09T23:32:27-08:00,0,6
index.html,10,html,6f9695f3,Yuxuan Zhou,2025-01-09,23:32:27,-08:00,2025-01-09T23:32:27-08:00,0,0
index.html,11,html,6f9695f3,Yuxuan Zhou,2025-01-09,23:32:27,-08:00,2025-01-09T23:32:27-08:00,0,5
index.html,12,html,364515ed,Yuxuan Zhou,2025-01-24,20:54:12,-08:00,2025-01-24T20:54:12-08:00,0,9
index.html,13,html,eac89714,Yuxuan Zhou,2025-01-17,17:38:32,-08:00,2025-01-17T17:38:32-08:00,0,3
index.html,14,html,eac89714,Yuxuan Zhou,2025-01-17,17:38:32,-08:00,2025-01-17T17:38:32-08:00,0,53
index.html,15,html,eac89714,Yuxuan Zhou,2025-01-17,17:38:32,-08:00,2025-01-17T17:38:32-08:00,0,63
index.html,16,html,eac89714,Yuxuan Zhou,2025-01-17,17:38:32,-08:00,2025-01-17T17:38:32-08:00,0,61
index.html,17,html,eac89714,Yuxuan Zhou,2025-01-17,17:38:32,-08:00,2025-01-17T17:38:32-08:00,0,51
index.html,18,html,eac89714,Yuxuan Zhou,2025-01-17,17:38:32,-08:00,2025-01-17T17:38:32-08:00,0,73
index.html,19,html,eac89714,Yuxuan Zhou,2025-01-17,17:38:32,-08:00,2025-01-17T17:38:32-08:00,0,4
index.html,20,html,364515ed,Yuxuan Zhou,2025-01-24,20:54:12,-08:00,2025-01-24T20:54:12-08:00,0,9
index.html,21,html,a66f0dfc,Yuxuan Zhou,2025-01-10,17:51:38,-08:00,2025-01-10T17:51:38-08:00,0,11
index.html,22,html,a66f0dfc,Yuxuan Zhou,2025-01-10,17:51:38,-08:00,2025-01-10T17:51:38-08:00,0,49
index.html,23,html,eac89714,Yuxuan Zhou,2025-01-17,17:38:32,-08:00,2025-01-17T17:38:32-08:00,0,17
index.html,24,html,eac89714,Yuxuan Zhou,2025-01-17,17:38:32,-08:00,2025-01-17T17:38:32-08:00,0,81
index.html,25,html,eac89714,Yuxuan Zhou,2025-01-17,17:38:32,-08:00,2025-01-17T17:38:32-08:00,0,19
index.html,26,html,eac89714,Yuxuan Zhou,2025-01-17,17:38:32,-08:00,2025-01-17T17:38:32-08:00,0,90
index.html,27,html,eac89714,Yuxuan Zhou,2025-01-17,17:38:32,-08:00,2025-01-17T17:38:32-08:00,0,5
index.html,28,html,5de4a7f4,Yuxuan Zhou,2025-01-31,15:56:01,-08:00,2025-01-31T15:56:01-08:00,0,5
index.html,29,html,0e972b27,Yuxuan Zhou,2025-01-31,22:07:14,-08:00,2025-01-31T22:07:14-08:00,0,3
index.html,30,html,0e972b27,Yuxuan Zhou,2025-01-31,22:07:14,-08:00,2025-01-31T22:07:14-08:00,0,23
index.html,31,html,0e972b27,Yuxuan Zhou,2025-01-31,22:07:14,-08:00,2025-01-31T22:07:14-08:00,0,21
index.html,32,html,0e972b27,Yuxuan Zhou,2025-01-31,22:07:14,-08:00,2025-01-31T22:07:14-08:00,0,50
index.html,33,html,0e972b27,Yuxuan Zhou,2025-01-31,22:07:14,-08:00,2025-01-31T22:07:14-08:00,0,5
index.html,34,html,0e972b27,Yuxuan Zhou,2025-01-31,22:07:14,-08:00,2025-01-31T22:07:14-08:00,0,3
index.html,35,html,5de4a7f4,Yuxuan Zhou,2025-01-31,15:56:01,-08:00,2025-01-31T15:56:01-08:00,0,23
index.html,36,html,5de4a7f4,Yuxuan Zhou,2025-01-31,15:56:01,-08:00,2025-01-31T15:56:01-08:00,0,0
index.html,37,html,eac89714,Yuxuan Zhou,2025-01-17,17:38:32,-08:00,2025-01-17T17:38:32-08:00,0,5
index.html,38,html,364515ed,Yuxuan Zhou,2025-01-24,20:54:12,-08:00,2025-01-24T20:54:12-08:00,0,46
index.html,39,html,0e972b27,Yuxuan Zhou,2025-01-31,22:07:14,-08:00,2025-01-31T22:07:14-08:00,0,51
index.html,40,html,6f9695f3,Yuxuan Zhou,2025-01-09,23:32:27,-08:00,2025-01-09T23:32:27-08:00,0,6
index.html,41,html,6f9695f3,Yuxuan Zhou,2025-01-09,23:32:27,-08:00,2025-01-09T23:32:27-08:00,0,6
global.js,1,js,364515ed,Yuxuan Zhou,2025-01-24,20:54:12,-08:00,2025-01-24T20:54:12-08:00,0,26
global.js,2,js,364515ed,Yuxuan Zhou,2025-01-24,20:54:12,-08:00,2025-01-24T20:54:12-08:00,0,0
global.js,3,js,364515ed,Yuxuan Zhou,2025-01-24,20:54:12,-08:00,2025-01-24T20:54:12-08:00,0,42
global.js,4,js,364515ed,Yuxuan Zhou,2025-01-24,20:54:12,-08:00,2025-01-24T20:54:12-08:00,0,53
global.js,5,js,364515ed,Yuxuan Zhou,2025-01-24,20:54:12,-08:00,2025-01-24T20:54:12-08:00,0,0
global.js,6,js,364515ed,Yuxuan Zhou,2025-01-24,20:54:12,-08:00,2025-01-24T20:54:12-08:00,0,0
global.js,7,js,364515ed,Yuxuan Zhou,2025-01-24,20:54:12,-08:00,2025-01-24T20:54:12-08:00,0,25
global.js,8,js,364515ed,Yuxuan Zhou,2025-01-24,20:54:12,-08:00,2025-01-24T20:54:12-08:00,0,0
global.js,9,js,364515ed,Yuxuan Zhou,2025-01-24,20:54:12,-08:00,2025-01-24T20:54:12-08:00,0,34
global.js,10,js,364515ed,Yuxuan Zhou,2025-01-24,20:54:12,-08:00,2025-01-24T20:54:12-08:00,0,73
global.js,11,js,364515ed,Yuxuan Zhou,2025-01-24,20:54:12,-08:00,2025-01-24T20:54:12-08:00,0,6
global.js,12,js,364515ed,Yuxuan Zhou,2025-01-24,20:54:12,-08:00,2025-01-24T20:54:12-08:00,0,22
global.js,13,js,364515ed,Yuxuan Zhou,2025-01-24,20:54:12,-08:00,2025-01-24T20:54:12-08:00,0,42
global.js,14,js,364515ed,Yuxuan Zhou,2025-01-24,20:54:12,-08:00,2025-01-24T20:54:12-08:00,0,44
global.js,15,js,364515ed,Yuxuan Zhou,2025-01-24,20:54:12,-08:00,2025-01-24T20:54:12-08:00,0,3
global.js,16,js,364515ed,Yuxuan Zhou,2025-01-24,20:54:12,-08:00,2025-01-24T20:54:12-08:00,0,0
global.js,17,js,364515ed,Yuxuan Zhou,2025-01-24,20:54:12,-08:00,2025-01-24T20:54:12-08:00,0,0
global.js,18,js,364515ed,Yuxuan Zhou,2025-01-24,20:54:12,-08:00,2025-01-24T20:54:12-08:00,0,0
global.js,19,js,364515ed,Yuxuan Zhou,2025-01-24,20:54:12,-08:00,2025-01-24T20:54:12-08:00,0,12
global.js,20,js,364515ed,Yuxuan Zhou,2025-01-24,20:54:12,-08:00,2025-01-24T20:54:12-08:00,0,26
global.js,21,js,364515ed,Yuxuan Zhou,2025-01-24,20:54:12,-08:00,2025-01-24T20:54:12-08:00,0,39
global.js,22,js,364515ed,Yuxuan Zhou,2025-01-24,20:54:12,-08:00,2025-01-24T20:54:12-08:00,0,36
global.js,23,js,364515ed,Yuxuan Zhou,2025-01-24,20:54:12,-08:00,2025-01-24T20:54:12-08:00,0,26
global.js,24,js,364515ed,Yuxuan Zhou,2025-01-24,20:54:12,-08:00,2025-01-24T20:54:12-08:00,0,54
global.js,25,js,364515ed,Yuxuan Zhou,2025-01-24,20:54:12,-08:00,2025-01-24T20:54:12-08:00,0,1
global.js,26,js,364515ed,Yuxuan Zhou,2025-01-24,20:54:12,-08:00,2025-01-24T20:54:12-08:00,0,0
global.js,27,js,364515ed,Yuxuan Zhou,2025-01-24,20:54:12,-08:00,2025-01-24T20:54:12-08:00,0,39
global.js,28,js,364515ed,Yuxuan Zhou,2025-01-24,20:54:12,-08:00,2025-01-24T20:54:12-08:00,0,26
global.js,29,js,364515ed,Yuxuan Zhou,2025-01-24,20:54:12,-08:00,2025-01-24T20:54:12-08:00,0,0
global.js,30,js,364515ed,Yuxuan Zhou,2025-01-24,20:54:12,-08:00,2025-01-24T20:54:12-08:00,0,21
global.js,31,js,364515ed,Yuxuan Zhou,2025-01-24,20:54:12,-08:00,2025-01-24T20:54:12-08:00,0,15
global.js,32,js,364515ed,Yuxuan Zhou,2025-01-24,20:54:12,-08:00,2025-01-24T20:54:12-08:00,0,19
global.js,33,js,364515ed,Yuxuan Zhou,2025-01-24,20:54:12,-08:00,2025-01-24T20:54:12-08:00,0,36
global.js,34,js,364515ed,Yuxuan Zhou,2025-01-24,20:54:12,-08:00,2025-01-24T20:54:12-08:00,0,71
global.js,35,js,364515ed,Yuxuan Zhou,2025-01-24,20:54:12,-08:00,2025-01-24T20:54:12-08:00,0,65
global.js,36,js,364515ed,Yuxuan Zhou,2025-01-24,20:54:12,-08:00,2025-01-24T20:54:12-08:00,0,35
global.js,37,js,364515ed,Yuxuan Zhou,2025-01-24,20:54:12,-08:00,2025-01-24T20:54:12-08:00,0,12
global.js,38,js,364515ed,Yuxuan Zhou,2025-01-24,20:54:12,-08:00,2025-01-24T20:54:12-08:00,0,21
global.js,39,js,364515ed,Yuxuan Zhou,2025-01-24,20:54:12,-08:00,2025-01-24T20:54:12-08:00,0,66
global.js,40,js,364515ed,Yuxuan Zhou,2025-01-24,20:54:12,-08:00,2025-01-24T20:54:12-08:00,0,26
global.js,41,js,364515ed,Yuxuan Zhou,2025-01-24,20:54:12,-08:00,2025-01-24T20:54:12-08:00,0,18
global.js,42,js,364515ed,Yuxuan Zhou,2025-01-24,20:54:12,-08:00,2025-01-24T20:54:12-08:00,0,9
global.js,43,js,364515ed,Yuxuan Zhou,2025-01-24,20:54:12,-08:00,2025-01-24T20:54:12-08:00,0,59
global.js,44,js,364515ed,Yuxuan Zhou,2025-01-24,20:54:12,-08:00,2025-01-24T20:54:12-08:00,0,1
global.js,45,js,364515ed,Yuxuan Zhou,2025-01-24,20:54:12,-08:00,2025-01-24T20:54:12-08:00,0,0
global.js,46,js,364515ed,Yuxuan Zhou,2025-01-24,20:54:12,-08:00,2025-01-24T20:54:12-08:00,0,13
global.js,47,js,364515ed,Yuxuan Zhou,2025-01-24,20:54:12,-08:00,2025-01-24T20:54:12-08:00,0,0
global.js,48,js,364515ed,Yuxuan Zhou,2025-01-24,20:54:12,-08:00,2025-01-24T20:54:12-08:00,0,0
global.js,49,js,364515ed,Yuxuan Zhou,2025-01-24,20:54:12,-08:00,2025-01-24T20:54:12-08:00,0,0
global.js,50,js,364515ed,Yuxuan Zhou,2025-01-24,20:54:12,-08:00,2025-01-24T20:54:12-08:00,0,34
global.js,51,js,364515ed,Yuxuan Zhou,2025-01-24,20:54:12,-08:00,2025-01-24T20:54:12-08:00,0,73
global.js,52,js,364515ed,Yuxuan Zhou,2025-01-24,20:54:12,-08:00,2025-01-24T20:54:12-08:00,0,6
global.js,53,js,364515ed,Yuxuan Zhou,2025-01-24,20:54:12,-08:00,2025-01-24T20:54:12-08:00,0,22
global.js,54,js,364515ed,Yuxuan Zhou,2025-01-24,20:54:12,-08:00,2025-01-24T20:54:12-08:00,0,42
global.js,55,js,364515ed,Yuxuan Zhou,2025-01-24,20:54:12,-08:00,2025-01-24T20:54:12-08:00,0,44
global.js,56,js,364515ed,Yuxuan Zhou,2025-01-24,20:54:12,-08:00,2025-01-24T20:54:12-08:00,0,3
global.js,57,js,364515ed,Yuxuan Zhou,2025-01-24,20:54:12,-08:00,2025-01-24T20:54:12-08:00,0,0
global.js,58,js,364515ed,Yuxuan Zhou,2025-01-24,20:54:12,-08:00,2025-01-24T20:54:12-08:00,0,0
global.js,59,js,364515ed,Yuxuan Zhou,2025-01-24,20:54:12,-08:00,2025-01-24T20:54:12-08:00,0,0
global.js,60,js,364515ed,Yuxuan Zhou,2025-01-24,20:54:12,-08:00,2025-01-24T20:54:12-08:00,0,32
global.js,61,js,364515ed,Yuxuan Zhou,2025-01-24,20:54:12,-08:00,2025-01-24T20:54:12-08:00,0,12
global.js,62,js,364515ed,Yuxuan Zhou,2025-01-24,20:54:12,-08:00,2025-01-24T20:54:12-08:00,0,0
global.js,63,js,364515ed,Yuxuan Zhou,2025-01-24,20:54:12,-08:00,2025-01-24T20:54:12-08:00,0,27
global.js,64,js,364515ed,Yuxuan Zhou,2025-01-24,20:54:12,-08:00,2025-01-24T20:54:12-08:00,0,5
global.js,65,js,364515ed,Yuxuan Zhou,2025-01-24,20:54:12,-08:00,2025-01-24T20:54:12-08:00,0,7
global.js,66,js,364515ed,Yuxuan Zhou,2025-01-24,20:54:12,-08:00,2025-01-24T20:54:12-08:00,0,39
global.js,67,js,364515ed,Yuxuan Zhou,2025-01-24,20:54:12,-08:00,2025-01-24T20:54:12-08:00,0,49
global.js,68,js,364515ed,Yuxuan Zhou,2025-01-24,20:54:12,-08:00,2025-01-24T20:54:12-08:00,0,44
global.js,69,js,364515ed,Yuxuan Zhou,2025-01-24,20:54:12,-08:00,2025-01-24T20:54:12-08:00,0,35
global.js,70,js,364515ed,Yuxuan Zhou,2025-01-24,20:54:12,-08:00,2025-01-24T20:54:12-08:00,0,33
global.js,71,js,364515ed,Yuxuan Zhou,2025-01-24,20:54:12,-08:00,2025-01-24T20:54:12-08:00,0,8
global.js,72,js,364515ed,Yuxuan Zhou,2025-01-24,20:54:12,-08:00,2025-01-24T20:54:12-08:00,0,8
global.js,73,js,364515ed,Yuxuan Zhou,2025-01-24,20:54:12,-08:00,2025-01-24T20:54:12-08:00,0,1
global.js,74,js,364515ed,Yuxuan Zhou,2025-01-24,20:54:12,-08:00,2025-01-24T20:54:12-08:00,0,35
global.js,75,js,364515ed,Yuxuan Zhou,2025-01-24,20:54:12,-08:00,2025-01-24T20:54:12-08:00,0,84
global.js,76,js,364515ed,Yuxuan Zhou,2025-01-24,20:54:12,-08:00,2025-01-24T20:54:12-08:00,0,50
global.js,77,js,364515ed,Yuxuan Zhou,2025-01-24,20:54:12,-08:00,2025-01-24T20:54:12-08:00,0,0
global.js,78,js,364515ed,Yuxuan Zhou,2025-01-24,20:54:12,-08:00,2025-01-24T20:54:12-08:00,0,0
global.js,79,js,364515ed,Yuxuan Zhou,2025-01-24,20:54:12,-08:00,2025-01-24T20:54:12-08:00,0,51
global.js,80,js,364515ed,Yuxuan Zhou,2025-01-24,20:54:12,-08:00,2025-01-24T20:54:12-08:00,0,50
global.js,81,js,364515ed,Yuxuan Zhou,2025-01-24,20:54:12,-08:00,2025-01-24T20:54:12-08:00,0,58
global.js,82,js,364515ed,Yuxuan Zhou,2025-01-24,20:54:12,-08:00,2025-01-24T20:54:12-08:00,0,78
global.js,83,js,364515ed,Yuxuan Zhou,2025-01-24,20:54:12,-08:00,2025-01-24T20:54:12-08:00,0,44
global.js,84,js,364515ed,Yuxuan Zhou,2025-01-24,20:54:12,-08:00,2025-01-24T20:54:12-08:00,0,2
global.js,85,js,364515ed,Yuxuan Zhou,2025-01-24,20:54:12,-08:00,2025-01-24T20:54:12-08:00,0,0
global.js,86,js,5de4a7f4,Yuxuan Zhou,2025-01-31,15:56:01,-08:00,2025-01-31T15:56:01-08:00,0,35
global.js,87,js,5de4a7f4,Yuxuan Zhou,2025-01-31,15:56:01,-08:00,2025-01-31T15:56:01-08:00,0,37
global.js,88,js,5de4a7f4,Yuxuan Zhou,2025-01-31,15:56:01,-08:00,2025-01-31T15:56:01-08:00,0,29
global.js,89,js,5de4a7f4,Yuxuan Zhou,2025-01-31,15:56:01,-08:00,2025-01-31T15:56:01-08:00,0,3
global.js,90,js,5de4a7f4,Yuxuan Zhou,2025-01-31,15:56:01,-08:00,2025-01-31T15:56:01-08:00,0,0
global.js,91,js,5de4a7f4,Yuxuan Zhou,2025-01-31,15:56:01,-08:00,2025-01-31T15:56:01-08:00,0,25
global.js,92,js,5de4a7f4,Yuxuan Zhou,2025-01-31,15:56:01,-08:00,2025-01-31T15:56:01-08:00,0,37
global.js,93,js,5de4a7f4,Yuxuan Zhou,2025-01-31,15:56:01,-08:00,2025-01-31T15:56:01-08:00,0,4
global.js,94,js,5de4a7f4,Yuxuan Zhou,2025-01-31,15:56:01,-08:00,2025-01-31T15:56:01-08:00,0,40
global.js,95,js,5de4a7f4,Yuxuan Zhou,2025-01-31,15:56:01,-08:00,2025-01-31T15:56:01-08:00,0,33
global.js,96,js,5de4a7f4,Yuxuan Zhou,2025-01-31,15:56:01,-08:00,2025-01-31T15:56:01-08:00,0,20
global.js,97,js,5de4a7f4,Yuxuan Zhou,2025-01-31,15:56:01,-08:00,2025-01-31T15:56:01-08:00,0,18
global.js,98,js,5de4a7f4,Yuxuan Zhou,2025-01-31,15:56:01,-08:00,2025-01-31T15:56:01-08:00,0,67
global.js,99,js,5de4a7f4,Yuxuan Zhou,2025-01-31,15:56:01,-08:00,2025-01-31T15:56:01-08:00,0,0
global.js,100,js,5de4a7f4,Yuxuan Zhou,2025-01-31,15:56:01,-08:00,2025-01-31T15:56:01-08:00,0,23
global.js,101,js,5de4a7f4,Yuxuan Zhou,2025-01-31,15:56:01,-08:00,2025-01-31T15:56:01-08:00,0,34
global.js,102,js,5de4a7f4,Yuxuan Zhou,2025-01-31,15:56:01,-08:00,2025-01-31T15:56:01-08:00,0,11
global.js,103,js,5de4a7f4,Yuxuan Zhou,2025-01-31,15:56:01,-08:00,2025-01-31T15:56:01-08:00,0,16
global.js,104,js,5de4a7f4,Yuxuan Zhou,2025-01-31,15:56:01,-08:00,2025-01-31T15:56:01-08:00,0,60
global.js,105,js,5de4a7f4,Yuxuan Zhou,2025-01-31,15:56:01,-08:00,2025-01-31T15:56:01-08:00,0,0
global.js,106,js,5de4a7f4,Yuxuan Zhou,2025-01-31,15:56:01,-08:00,2025-01-31T15:56:01-08:00,0,0
global.js,107,js,0e972b27,Yuxuan Zhou,2025-01-31,22:07:14,-08:00,2025-01-31T22:07:14-08:00,0,0
global.js,108,js,5de4a7f4,Yuxuan Zhou,2025-01-31,15:56:01,-08:00,2025-01-31T15:56:01-08:00,0,61
global.js,109,js,5de4a7f4,Yuxuan Zhou,2025-01-31,15:56:01,-08:00,2025-01-31T15:56:01-08:00,0,29
global.js,110,js,5de4a7f4,Yuxuan Zhou,2025-01-31,15:56:01,-08:00,2025-01-31T15:56:01-08:00,0,36
global.js,111,js,5de4a7f4,Yuxuan Zhou,2025-01-31,15:56:01,-08:00,2025-01-31T15:56:01-08:00,0,35
global.js,112,js,5de4a7f4,Yuxuan Zhou,2025-01-31,15:56:01,-08:00,2025-01-31T15:56:01-08:00,0,56
global.js,113,js,5de4a7f4,Yuxuan Zhou,2025-01-31,15:56:01,-08:00,2025-01-31T15:56:01-08:00,0,27
global.js,114,js,5de4a7f4,Yuxuan Zhou,2025-01-31,15:56:01,-08:00,2025-01-31T15:56:01-08:00,0,31
global.js,115,js,5de4a7f4,Yuxuan Zhou,2025-01-31,15:56:01,-08:00,2025-01-31T15:56:01-08:00,0,57
global.js,116,js,5de4a7f4,Yuxuan Zhou,2025-01-31,15:56:01,-08:00,2025-01-31T15:56:01-08:00,0,35
global.js,117,js,5de4a7f4,Yuxuan Zhou,2025-01-31,15:56:01,-08:00,2025-01-31T15:56:01-08:00,0,8
global.js,118,js,5de4a7f4,Yuxuan Zhou,2025-01-31,15:56:01,-08:00,2025-01-31T15:56:01-08:00,0,44
global.js,119,js,5de4a7f4,Yuxuan Zhou,2025-01-31,15:56:01,-08:00,2025-01-31T15:56:01-08:00,0,5
global.js,120,js,5de4a7f4,Yuxuan Zhou,2025-01-31,15:56:01,-08:00,2025-01-31T15:56:01-08:00,0,3
global.js,121,js,5de4a7f4,Yuxuan Zhou,2025-01-31,15:56:01,-08:00,2025-01-31T15:56:01-08:00,0,62
global.js,122,js,5de4a7f4,Yuxuan Zhou,2025-01-31,15:56:01,-08:00,2025-01-31T15:56:01-08:00,0,80
global.js,123,js,5de4a7f4,Yuxuan Zhou,2025-01-31,15:56:01,-08:00,2025-01-31T15:56:01-08:00,0,84
global.js,124,js,5de4a7f4,Yuxuan Zhou,2025-01-31,15:56:01,-08:00,2025-01-31T15:56:01-08:00,0,38
global.js,125,js,5de4a7f4,Yuxuan Zhou,2025-01-31,15:56:01,-08:00,2025-01-31T15:56:01-08:00,0,44
global.js,126,js,5de4a7f4,Yuxuan Zhou,2025-01-31,15:56:01,-08:00,2025-01-31T15:56:01-08:00,0,0
global.js,127,js,5de4a7f4,Yuxuan Zhou,2025-01-31,15:56:01,-08:00,2025-01-31T15:56:01-08:00,0,0
global.js,128,js,5de4a7f4,Yuxuan Zhou,2025-01-31,15:56:01,-08:00,2025-01-31T15:56:01-08:00,0,61
global.js,129,js,5de4a7f4,Yuxuan Zhou,2025-01-31,15:56:01,-08:00,2025-01-31T15:56:01-08:00,0,48
global.js,130,js,5de4a7f4,Yuxuan Zhou,2025-01-31,15:56:01,-08:00,2025-01-31T15:56:01-08:00,0,18
global.js,131,js,5de4a7f4,Yuxuan Zhou,2025-01-31,15:56:01,-08:00,2025-01-31T15:56:01-08:00,0,40
global.js,132,js,5de4a7f4,Yuxuan Zhou,2025-01-31,15:56:01,-08:00,2025-01-31T15:56:01-08:00,0,0
global.js,133,js,5de4a7f4,Yuxuan Zhou,2025-01-31,15:56:01,-08:00,2025-01-31T15:56:01-08:00,0,31
global.js,134,js,5de4a7f4,Yuxuan Zhou,2025-01-31,15:56:01,-08:00,2025-01-31T15:56:01-08:00,0,30
global.js,135,js,5de4a7f4,Yuxuan Zhou,2025-01-31,15:56:01,-08:00,2025-01-31T15:56:01-08:00,0,49
global.js,136,js,5de4a7f4,Yuxuan Zhou,2025-01-31,15:56:01,-08:00,2025-01-31T15:56:01-08:00,0,20
global.js,137,js,5de4a7f4,Yuxuan Zhou,2025-01-31,15:56:01,-08:00,2025-01-31T15:56:01-08:00,0,50
global.js,138,js,5de4a7f4,Yuxuan Zhou,2025-01-31,15:56:01,-08:00,2025-01-31T15:56:01-08:00,0,50
global.js,139,js,5de4a7f4,Yuxuan Zhou,2025-01-31,15:56:01,-08:00,2025-01-31T15:56:01-08:00,0,28
global.js,140,js,d8f9db22,kyxz1813,2025-02-07,20:15:07,-08:00,2025-02-07T20:15:07-08:00,0,31
global.js,141,js,5de4a7f4,Yuxuan Zhou,2025-01-31,15:56:01,-08:00,2025-01-31T15:56:01-08:00,0,1
global.js,142,js,5de4a7f4,Yuxuan Zhou,2025-01-31,15:56:01,-08:00,2025-01-31T15:56:01-08:00,0,37
global.js,143,js,5de4a7f4,Yuxuan Zhou,2025-01-31,15:56:01,-08:00,2025-01-31T15:56:01-08:00,0,0
global.js,144,js,364515ed,Yuxuan Zhou,2025-01-24,20:54:12,-08:00,2025-01-24T20:54:12-08:00,0,0
global.js,145,js,5de4a7f4,Yuxuan Zhou,2025-01-31,15:56:01,-08:00,2025-01-31T15:56:01-08:00,0,0
global.js,146,js,5de4a7f4,Yuxuan Zhou,2025-01-31,15:56:01,-08:00,2025-01-31T15:56:01-08:00,0,48
global.js,147,js,5de4a7f4,Yuxuan Zhou,2025-01-31,15:56:01,-08:00,2025-01-31T15:56:01-08:00,0,23
global.js,148,js,0e972b27,Yuxuan Zhou,2025-01-31,22:07:14,-08:00,2025-01-31T22:07:14-08:00,0,30
global.js,149,js,5de4a7f4,Yuxuan Zhou,2025-01-31,15:56:01,-08:00,2025-01-31T15:56:01-08:00,0,60
global.js,150,js,5de4a7f4,Yuxuan Zhou,2025-01-31,15:56:01,-08:00,2025-01-31T15:56:01-08:00,0,0
global.js,151,js,5de4a7f4,Yuxuan Zhou,2025-01-31,15:56:01,-08:00,2025-01-31T15:56:01-08:00,0,0
global.js,152,js,0e972b27,Yuxuan Zhou,2025-01-31,22:07:14,-08:00,2025-01-31T22:07:14-08:00,0,0
projects/projects.js,1,js,d8f9db22,kyxz1813,2025-02-07,20:15:07,-08:00,2025-02-07T20:15:07-08:00,0,64
projects/projects.js,2,js,5de4a7f4,Yuxuan Zhou,2025-01-31,15:56:01,-08:00,2025-01-31T15:56:01-08:00,0,56
projects/projects.js,3,js,5de4a7f4,Yuxuan Zhou,2025-01-31,15:56:01,-08:00,2025-01-31T15:56:01-08:00,0,0
projects/projects.js,4,js,5de4a7f4,Yuxuan Zhou,2025-01-31,15:56:01,-08:00,2025-01-31T15:56:01-08:00,0,56
projects/projects.js,5,js,5de4a7f4,Yuxuan Zhou,2025-01-31,15:56:01,-08:00,2025-01-31T15:56:01-08:00,0,61
projects/projects.js,6,js,5de4a7f4,Yuxuan Zhou,2025-01-31,15:56:01,-08:00,2025-01-31T15:56:01-08:00,0,0
projects/projects.js,7,js,5de4a7f4,Yuxuan Zhou,2025-01-31,15:56:01,-08:00,2025-01-31T15:56:01-08:00,0,49
projects/projects.js,8,js,5de4a7f4,Yuxuan Zhou,2025-01-31,15:56:01,-08:00,2025-01-31T15:56:01-08:00,0,0
projects/projects.js,9,js,5de4a7f4,Yuxuan Zhou,2025-01-31,15:56:01,-08:00,2025-01-31T15:56:01-08:00,0,33
projects/projects.js,10,js,5de4a7f4,Yuxuan Zhou,2025-01-31,15:56:01,-08:00,2025-01-31T15:56:01-08:00,0,41
projects/projects.js,11,js,5de4a7f4,Yuxuan Zhou,2025-01-31,15:56:01,-08:00,2025-01-31T15:56:01-08:00,0,61
projects/projects.js,12,js,5de4a7f4,Yuxuan Zhou,2025-01-31,15:56:01,-08:00,2025-01-31T15:56:01-08:00,0,0
projects/projects.js,13,js,5de4a7f4,Yuxuan Zhou,2025-01-31,15:56:01,-08:00,2025-01-31T15:56:01-08:00,0,22
projects/projects.js,14,js,5de4a7f4,Yuxuan Zhou,2025-01-31,15:56:01,-08:00,2025-01-31T15:56:01-08:00,0,0
projects/projects.js,15,js,d8f9db22,kyxz1813,2025-02-07,20:15:07,-08:00,2025-02-07T20:15:07-08:00,0,11
projects/projects.js,16,js,98bea236,kyxz1813,2025-02-07,20:47:18,-08:00,2025-02-07T20:47:18-08:00,0,137
projects/projects.js,17,js,98bea236,kyxz1813,2025-02-07,20:47:18,-08:00,2025-02-07T20:47:18-08:00,0,0
projects/projects.js,18,js,d8f9db22,kyxz1813,2025-02-07,20:15:07,-08:00,2025-02-07T20:15:07-08:00,0,14
projects/projects.js,19,js,98bea236,kyxz1813,2025-02-07,20:47:18,-08:00,2025-02-07T20:47:18-08:00,0,23
projects/projects.js,20,js,d8f9db22,kyxz1813,2025-02-07,20:15:07,-08:00,2025-02-07T20:15:07-08:00,0,54
projects/projects.js,21,js,d8f9db22,kyxz1813,2025-02-07,20:15:07,-08:00,2025-02-07T20:15:07-08:00,0,0
projects/projects.js,22,js,98bea236,kyxz1813,2025-02-07,20:47:18,-08:00,2025-02-07T20:47:18-08:00,0,37
projects/projects.js,23,js,98bea236,kyxz1813,2025-02-07,20:47:18,-08:00,2025-02-07T20:47:18-08:00,0,15
projects/projects.js,24,js,98bea236,kyxz1813,2025-02-07,20:47:18,-08:00,2025-02-07T20:47:18-08:00,0,17
projects/projects.js,25,js,98bea236,kyxz1813,2025-02-07,20:47:18,-08:00,2025-02-07T20:47:18-08:00,0,17
projects/projects.js,26,js,98bea236,kyxz1813,2025-02-07,20:47:18,-08:00,2025-02-07T20:47:18-08:00,0,17
projects/projects.js,27,js,98bea236,kyxz1813,2025-02-07,20:47:18,-08:00,2025-02-07T20:47:18-08:00,0,17
projects/projects.js,28,js,98bea236,kyxz1813,2025-02-07,20:47:18,-08:00,2025-02-07T20:47:18-08:00,0,17
projects/projects.js,29,js,98bea236,kyxz1813,2025-02-07,20:47:18,-08:00,2025-02-07T20:47:18-08:00,0,17
projects/projects.js,30,js,98bea236,kyxz1813,2025-02-07,20:47:18,-08:00,2025-02-07T20:47:18-08:00,0,17
projects/projects.js,31,js,98bea236,kyxz1813,2025-02-07,20:47:18,-08:00,2025-02-07T20:47:18-08:00,0,17
projects/projects.js,32,js,98bea236,kyxz1813,2025-02-07,20:47:18,-08:00,2025-02-07T20:47:18-08:00,0,17
projects/projects.js,33,js,98bea236,kyxz1813,2025-02-07,20:47:18,-08:00,2025-02-07T20:47:18-08:00,0,1
projects/projects.js,34,js,98bea236,kyxz1813,2025-02-07,20:47:18,-08:00,2025-02-07T20:47:18-08:00,0,0
projects/projects.js,35,js,d8f9db22,kyxz1813,2025-02-07,20:15:07,-08:00,2025-02-07T20:15:07-08:00,0,39
projects/projects.js,36,js,ab1edd4c,kyxz1813,2025-02-07,20:23:00,-08:00,2025-02-07T20:23:00-08:00,0,25
projects/projects.js,37,js,d8f9db22,kyxz1813,2025-02-07,20:15:07,-08:00,2025-02-07T20:15:07-08:00,0,30
projects/projects.js,38,js,d8f9db22,kyxz1813,2025-02-07,20:15:07,-08:00,2025-02-07T20:15:07-08:00,0,13
projects/projects.js,39,js,d8f9db22,kyxz1813,2025-02-07,20:15:07,-08:00,2025-02-07T20:15:07-08:00,0,15
projects/projects.js,40,js,ab1edd4c,kyxz1813,2025-02-07,20:23:00,-08:00,2025-02-07T20:23:00-08:00,0,12
projects/projects.js,41,js,d8f9db22,kyxz1813,2025-02-07,20:15:07,-08:00,2025-02-07T20:15:07-08:00,0,1
projects/projects.js,42,js,ab1edd4c,kyxz1813,2025-02-07,20:23:00,-08:00,2025-02-07T20:23:00-08:00,0,0
projects/projects.js,43,js,ab1edd4c,kyxz1813,2025-02-07,20:23:00,-08:00,2025-02-07T20:23:00-08:00,0,18
projects/projects.js,44,js,d8f9db22,kyxz1813,2025-02-07,20:15:07,-08:00,2025-02-07T20:15:07-08:00,0,51
projects/projects.js,45,js,ab1edd4c,kyxz1813,2025-02-07,20:23:00,-08:00,2025-02-07T20:23:00-08:00,0,36
projects/projects.js,46,js,d8f9db22,kyxz1813,2025-02-07,20:15:07,-08:00,2025-02-07T20:15:07-08:00,0,2
projects/projects.js,47,js,ab1edd4c,kyxz1813,2025-02-07,20:23:00,-08:00,2025-02-07T20:23:00-08:00,0,0
projects/projects.js,48,js,ab1edd4c,kyxz1813,2025-02-07,20:23:00,-08:00,2025-02-07T20:23:00-08:00,0,37
projects/projects.js,49,js,ab1edd4c,kyxz1813,2025-02-07,20:23:00,-08:00,2025-02-07T20:23:00-08:00,0,54
projects/projects.js,50,js,d8f9db22,kyxz1813,2025-02-07,20:15:07,-08:00,2025-02-07T20:15:07-08:00,0,43
projects/projects.js,51,js,ab1edd4c,kyxz1813,2025-02-07,20:23:00,-08:00,2025-02-07T20:23:00-08:00,0,58
projects/projects.js,52,js,d8f9db22,kyxz1813,2025-02-07,20:15:07,-08:00,2025-02-07T20:15:07-08:00,0,0
projects/projects.js,53,js,ab1edd4c,kyxz1813,2025-02-07,20:23:00,-08:00,2025-02-07T20:23:00-08:00,0,37
projects/projects.js,54,js,d8f9db22,kyxz1813,2025-02-07,20:15:07,-08:00,2025-02-07T20:15:07-08:00,0,29
projects/projects.js,55,js,ab1edd4c,kyxz1813,2025-02-07,20:23:00,-08:00,2025-02-07T20:23:00-08:00,0,30
projects/projects.js,56,js,ab1edd4c,kyxz1813,2025-02-07,20:23:00,-08:00,2025-02-07T20:23:00-08:00,0,0
projects/projects.js,57,js,d8f9db22,kyxz1813,2025-02-07,20:15:07,-08:00,2025-02-07T20:15:07-08:00,0,36
projects/projects.js,58,js,d8f9db22,kyxz1813,2025-02-07,20:15:07,-08:00,2025-02-07T20:15:07-08:00,0,33
projects/projects.js,59,js,ab1edd4c,kyxz1813,2025-02-07,20:23:00,-08:00,2025-02-07T20:23:00-08:00,0,0
projects/projects.js,60,js,98bea236,kyxz1813,2025-02-07,20:47:18,-08:00,2025-02-07T20:47:18-08:00,0,43
projects/projects.js,61,js,98bea236,kyxz1813,2025-02-07,20:47:18,-08:00,2025-02-07T20:47:18-08:00,0,62
projects/projects.js,62,js,ab1edd4c,kyxz1813,2025-02-07,20:23:00,-08:00,2025-02-07T20:23:00-08:00,0,0
projects/projects.js,63,js,ab1edd4c,kyxz1813,2025-02-07,20:23:00,-08:00,2025-02-07T20:23:00-08:00,0,23
projects/projects.js,64,js,d8f9db22,kyxz1813,2025-02-07,20:15:07,-08:00,2025-02-07T20:15:07-08:00,0,5
projects/projects.js,65,js,d8f9db22,kyxz1813,2025-02-07,20:15:07,-08:00,2025-02-07T20:15:07-08:00,0,17
projects/projects.js,66,js,d8f9db22,kyxz1813,2025-02-07,20:15:07,-08:00,2025-02-07T20:15:07-08:00,0,16
projects/projects.js,67,js,d8f9db22,kyxz1813,2025-02-07,20:15:07,-08:00,2025-02-07T20:15:07-08:00,0,7
projects/projects.js,68,js,d8f9db22,kyxz1813,2025-02-07,20:15:07,-08:00,2025-02-07T20:15:07-08:00,0,14
projects/projects.js,69,js,ab1edd4c,kyxz1813,2025-02-07,20:23:00,-08:00,2025-02-07T20:23:00-08:00,0,23
projects/projects.js,70,js,98bea236,kyxz1813,2025-02-07,20:47:18,-08:00,2025-02-07T20:47:18-08:00,0,109
projects/projects.js,71,js,ab1edd4c,kyxz1813,2025-02-07,20:23:00,-08:00,2025-02-07T20:23:00-08:00,0,32
projects/projects.js,72,js,ab1edd4c,kyxz1813,2025-02-07,20:23:00,-08:00,2025-02-07T20:23:00-08:00,0,24
projects/projects.js,73,js,d8f9db22,kyxz1813,2025-02-07,20:15:07,-08:00,2025-02-07T20:15:07-08:00,0,35
projects/projects.js,74,js,ab1edd4c,kyxz1813,2025-02-07,20:23:00,-08:00,2025-02-07T20:23:00-08:00,0,44
projects/projects.js,75,js,d8f9db22,kyxz1813,2025-02-07,20:15:07,-08:00,2025-02-07T20:15:07-08:00,0,7
projects/projects.js,76,js,d8f9db22,kyxz1813,2025-02-07,20:15:07,-08:00,2025-02-07T20:15:07-08:00,0,42
projects/projects.js,77,js,d8f9db22,kyxz1813,2025-02-07,20:15:07,-08:00,2025-02-07T20:15:07-08:00,0,0
projects/projects.js,78,js,ab1edd4c,kyxz1813,2025-02-07,20:23:00,-08:00,2025-02-07T20:23:00-08:00,0,0
projects/projects.js,79,js,d8f9db22,kyxz1813,2025-02-07,20:15:07,-08:00,2025-02-07T20:15:07-08:00,0,68
projects/projects.js,80,js,d8f9db22,kyxz1813,2025-02-07,20:15:07,-08:00,2025-02-07T20:15:07-08:00,0,2
projects/projects.js,81,js,d8f9db22,kyxz1813,2025-02-07,20:15:07,-08:00,2025-02-07T20:15:07-08:00,0,0
projects/projects.js,82,js,ab1edd4c,kyxz1813,2025-02-07,20:23:00,-08:00,2025-02-07T20:23:00-08:00,0,20
projects/projects.js,83,js,98bea236,kyxz1813,2025-02-07,20:47:18,-08:00,2025-02-07T20:47:18-08:00,0,23
projects/projects.js,84,js,ab1edd4c,kyxz1813,2025-02-07,20:23:00,-08:00,2025-02-07T20:23:00-08:00,0,21
projects/projects.js,85,js,ab1edd4c,kyxz1813,2025-02-07,20:23:00,-08:00,2025-02-07T20:23:00-08:00,0,65
projects/projects.js,86,js,98bea236,kyxz1813,2025-02-07,20:47:18,-08:00,2025-02-07T20:47:18-08:00,0,80
projects/projects.js,87,js,ab1edd4c,kyxz1813,2025-02-07,20:23:00,-08:00,2025-02-07T20:23:00-08:00,0,34
projects/projects.js,88,js,ab1edd4c,kyxz1813,2025-02-07,20:23:00,-08:00,2025-02-07T20:23:00-08:00,0,2
projects/projects.js,89,js,d8f9db22,kyxz1813,2025-02-07,20:15:07,-08:00,2025-02-07T20:15:07-08:00,0,0
projects/projects.js,90,js,d8f9db22,kyxz1813,2025-02-07,20:15:07,-08:00,2025-02-07T20:15:07-08:00,0,0
projects/projects.js,91,js,ab1edd4c,kyxz1813,2025-02-07,20:23:00,-08:00,2025-02-07T20:23:00-08:00,0,78
projects/projects.js,92,js,d8f9db22,kyxz1813,2025-02-07,20:15:07,-08:00,2025-02-07T20:15:07-08:00,0,34
projects/projects.js,93,js,ab1edd4c,kyxz1813,2025-02-07,20:23:00,-08:00,2025-02-07T20:23:00-08:00,0,31
projects/projects.js,94,js,ab1edd4c,kyxz1813,2025-02-07,20:23:00,-08:00,2025-02-07T20:23:00-08:00,0,0
projects/projects.js,95,js,ab1edd4c,kyxz1813,2025-02-07,20:23:00,-08:00,2025-02-07T20:23:00-08:00,0,40
projects/projects.js,96,js,ab1edd4c,kyxz1813,2025-02-07,20:23:00,-08:00,2025-02-07T20:23:00-08:00,0,56
projects/projects.js,97,js,ab1edd4c,kyxz1813,2025-02-07,20:23:00,-08:00,2025-02-07T20:23:00-08:00,0,60
projects/projects.js,98,js,ab1edd4c,kyxz1813,2025-02-07,20:23:00,-08:00,2025-02-07T20:23:00-08:00,0,29
projects/projects.js,99,js,ab1edd4c,kyxz1813,2025-02-07,20:23:00,-08:00,2025-02-07T20:23:00-08:00,0,2
projects/projects.js,100,js,ab1edd4c,kyxz1813,2025-02-07,20:23:00,-08:00,2025-02-07T20:23:00-08:00,0,0
projects/projects.js,101,js,d8f9db22,kyxz1813,2025-02-07,20:15:07,-08:00,2025-02-07T20:15:07-08:00,0,0
projects/projects.js,102,js,98bea236,kyxz1813,2025-02-07,20:47:18,-08:00,2025-02-07T20:47:18-08:00,0,53
projects/projects.js,103,js,ab1edd4c,kyxz1813,2025-02-07,20:23:00,-08:00,2025-02-07T20:23:00-08:00,0,86
projects/projects.js,104,js,d8f9db22,kyxz1813,2025-02-07,20:15:07,-08:00,2025-02-07T20:15:07-08:00,0,0
projects/projects.js,105,js,d8f9db22,kyxz1813,2025-02-07,20:15:07,-08:00,2025-02-07T20:15:07-08:00,0,0
projects/projects.js,106,js,d8f9db22,kyxz1813,2025-02-07,20:15:07,-08:00,2025-02-07T20:15:07-08:00,0,57
projects/projects.js,107,js,ab1edd4c,kyxz1813,2025-02-07,20:23:00,-08:00,2025-02-07T20:23:00-08:00,0,61
projects/projects.js,108,js,d8f9db22,kyxz1813,2025-02-07,20:15:07,-08:00,2025-02-07T20:15:07-08:00,0,0
projects/projects.js,109,js,d8f9db22,kyxz1813,2025-02-07,20:15:07,-08:00,2025-02-07T20:15:07-08:00,0,0
projects/projects.js,110,js,d8f9db22,kyxz1813,2025-02-07,20:15:07,-08:00,2025-02-07T20:15:07-08:00,0,43
projects/projects.js,111,js,d8f9db22,kyxz1813,2025-02-07,20:15:07,-08:00,2025-02-07T20:15:07-08:00,0,49
projects/projects.js,112,js,d8f9db22,kyxz1813,2025-02-07,20:15:07,-08:00,2025-02-07T20:15:07-08:00,0,40
projects/projects.js,113,js,ab1edd4c,kyxz1813,2025-02-07,20:23:00,-08:00,2025-02-07T20:23:00-08:00,0,24
projects/projects.js,114,js,d8f9db22,kyxz1813,2025-02-07,20:15:07,-08:00,2025-02-07T20:15:07-08:00,0,2
projects/projects.js,115,js,d8f9db22,kyxz1813,2025-02-07,20:15:07,-08:00,2025-02-07T20:15:07-08:00,0,0
projects/projects.js,116,js,d8f9db22,kyxz1813,2025-02-07,20:15:07,-08:00,2025-02-07T20:15:07-08:00,0,35
projects/projects.js,117,js,d8f9db22,kyxz1813,2025-02-07,20:15:07,-08:00,2025-02-07T20:15:07-08:00,0,24
projects/index.html,1,html,6d0cbd47,Yuxuan Zhou,2025-01-10,14:22:44,-08:00,2025-01-10T14:22:44-08:00,0,14
projects/index.html,2,html,6d0cbd47,Yuxuan Zhou,2025-01-10,14:22:44,-08:00,2025-01-10T14:22:44-08:00,0,15
projects/index.html,3,html,6d0cbd47,Yuxuan Zhou,2025-01-10,14:22:44,-08:00,2025-01-10T14:22:44-08:00,0,5
projects/index.html,4,html,eac89714,Yuxuan Zhou,2025-01-17,17:38:32,-08:00,2025-01-17T17:38:32-08:00,0,44
projects/index.html,5,html,6d0cbd47,Yuxuan Zhou,2025-01-10,14:22:44,-08:00,2025-01-10T14:22:44-08:00,0,21
projects/index.html,6,html,6d0cbd47,Yuxuan Zhou,2025-01-10,14:22:44,-08:00,2025-01-10T14:22:44-08:00,0,69
projects/index.html,7,html,333fb02b,Yuxuan Zhou,2025-01-16,15:47:18,-08:00,2025-01-16T15:47:18-08:00,0,22
projects/index.html,8,html,364515ed,Yuxuan Zhou,2025-01-24,20:54:12,-08:00,2025-01-24T20:54:12-08:00,0,6
projects/index.html,9,html,364515ed,Yuxuan Zhou,2025-01-24,20:54:12,-08:00,2025-01-24T20:54:12-08:00,0,6
projects/index.html,10,html,364515ed,Yuxuan Zhou,2025-01-24,20:54:12,-08:00,2025-01-24T20:54:12-08:00,0,33
projects/index.html,11,html,364515ed,Yuxuan Zhou,2025-01-24,20:54:12,-08:00,2025-01-24T20:54:12-08:00,0,24
projects/index.html,12,html,364515ed,Yuxuan Zhou,2025-01-24,20:54:12,-08:00,2025-01-24T20:54:12-08:00,0,0
projects/index.html,13,html,364515ed,Yuxuan Zhou,2025-01-24,20:54:12,-08:00,2025-01-24T20:54:12-08:00,0,7
projects/index.html,14,html,6d0cbd47,Yuxuan Zhou,2025-01-10,14:22:44,-08:00,2025-01-10T14:22:44-08:00,0,6
projects/index.html,15,html,6d0cbd47,Yuxuan Zhou,2025-01-10,14:22:44,-08:00,2025-01-10T14:22:44-08:00,0,5
projects/index.html,16,html,364515ed,Yuxuan Zhou,2025-01-24,20:54:12,-08:00,2025-01-24T20:54:12-08:00,0,9
projects/index.html,17,html,eac89714,Yuxuan Zhou,2025-01-17,17:38:32,-08:00,2025-01-17T17:38:32-08:00,0,3
projects/index.html,18,html,eac89714,Yuxuan Zhou,2025-01-17,17:38:32,-08:00,2025-01-17T17:38:32-08:00,0,40
projects/index.html,19,html,364515ed,Yuxuan Zhou,2025-01-24,20:54:12,-08:00,2025-01-24T20:54:12-08:00,0,53
projects/index.html,20,html,eac89714,Yuxuan Zhou,2025-01-17,17:38:32,-08:00,2025-01-17T17:38:32-08:00,0,51
projects/index.html,21,html,eac89714,Yuxuan Zhou,2025-01-17,17:38:32,-08:00,2025-01-17T17:38:32-08:00,0,41
projects/index.html,22,html,eac89714,Yuxuan Zhou,2025-01-17,17:38:32,-08:00,2025-01-17T17:38:32-08:00,0,73
projects/index.html,23,html,eac89714,Yuxuan Zhou,2025-01-17,17:38:32,-08:00,2025-01-17T17:38:32-08:00,0,4
projects/index.html,24,html,364515ed,Yuxuan Zhou,2025-01-24,20:54:12,-08:00,2025-01-24T20:54:12-08:00,0,9
projects/index.html,25,html,eac89714,Yuxuan Zhou,2025-01-17,17:38:32,-08:00,2025-01-17T17:38:32-08:00,0,0
projects/index.html,26,html,5de4a7f4,Yuxuan Zhou,2025-01-31,15:56:01,-08:00,2025-01-31T15:56:01-08:00,0,41
projects/index.html,27,html,d8f9db22,kyxz1813,2025-02-07,20:15:07,-08:00,2025-02-07T20:15:07-08:00,0,23
projects/index.html,28,html,d8f9db22,kyxz1813,2025-02-07,20:15:07,-08:00,2025-02-07T20:15:07-08:00,0,49
projects/index.html,29,html,d8f9db22,kyxz1813,2025-02-07,20:15:07,-08:00,2025-02-07T20:15:07-08:00,0,78
projects/index.html,30,html,d8f9db22,kyxz1813,2025-02-07,20:15:07,-08:00,2025-02-07T20:15:07-08:00,0,5
projects/index.html,31,html,d8f9db22,kyxz1813,2025-02-07,20:15:07,-08:00,2025-02-07T20:15:07-08:00,0,23
projects/index.html,32,html,d8f9db22,kyxz1813,2025-02-07,20:15:07,-08:00,2025-02-07T20:15:07-08:00,0,5
projects/index.html,33,html,5de4a7f4,Yuxuan Zhou,2025-01-31,15:56:01,-08:00,2025-01-31T15:56:01-08:00,0,0
projects/index.html,34,html,d8f9db22,kyxz1813,2025-02-07,20:15:07,-08:00,2025-02-07T20:15:07-08:00,0,5
projects/index.html,35,html,d8f9db22,kyxz1813,2025-02-07,20:15:07,-08:00,2025-02-07T20:15:07-08:00,0,16
projects/index.html,36,html,d8f9db22,kyxz1813,2025-02-07,20:15:07,-08:00,2025-02-07T20:15:07-08:00,0,12
projects/index.html,37,html,d8f9db22,kyxz1813,2025-02-07,20:15:07,-08:00,2025-02-07T20:15:07-08:00,0,27
projects/index.html,38,html,d8f9db22,kyxz1813,2025-02-07,20:15:07,-08:00,2025-02-07T20:15:07-08:00,0,32
projects/index.html,39,html,d8f9db22,kyxz1813,2025-02-07,20:15:07,-08:00,2025-02-07T20:15:07-08:00,0,1
projects/index.html,40,html,d8f9db22,kyxz1813,2025-02-07,20:15:07,-08:00,2025-02-07T20:15:07-08:00,0,0
projects/index.html,41,html,d8f9db22,kyxz1813,2025-02-07,20:15:07,-08:00,2025-02-07T20:15:07-08:00,0,3
projects/index.html,42,html,d8f9db22,kyxz1813,2025-02-07,20:15:07,-08:00,2025-02-07T20:15:07-08:00,0,3
projects/index.html,43,html,d8f9db22,kyxz1813,2025-02-07,20:15:07,-08:00,2025-02-07T20:15:07-08:00,0,0
projects/index.html,44,html,5de4a7f4,Yuxuan Zhou,2025-01-31,15:56:01,-08:00,2025-01-31T15:56:01-08:00,0,21
projects/index.html,45,html,5de4a7f4,Yuxuan Zhou,2025-01-31,15:56:01,-08:00,2025-01-31T15:56:01-08:00,0,13
projects/index.html,46,html,eac89714,Yuxuan Zhou,2025-01-17,17:38:32,-08:00,2025-01-17T17:38:32-08:00,0,30
projects/index.html,47,html,eac89714,Yuxuan Zhou,2025-01-17,17:38:32,-08:00,2025-01-17T17:38:32-08:00,0,71
projects/index.html,48,html,eac89714,Yuxuan Zhou,2025-01-17,17:38:32,-08:00,2025-01-17T17:38:32-08:00,0,208
projects/index.html,49,html,eac89714,Yuxuan Zhou,2025-01-17,17:38:32,-08:00,2025-01-17T17:38:32-08:00,0,9
projects/index.html,50,html,eac89714,Yuxuan Zhou,2025-01-17,17:38:32,-08:00,2025-01-17T17:38:32-08:00,0,8
projects/index.html,51,html,eac89714,Yuxuan Zhou,2025-01-17,17:38:32,-08:00,2025-01-17T17:38:32-08:00,0,34
projects/index.html,52,html,eac89714,Yuxuan Zhou,2025-01-17,17:38:32,-08:00,2025-01-17T17:38:32-08:00,0,71
projects/index.html,53,html,eac89714,Yuxuan Zhou,2025-01-17,17:38:32,-08:00,2025-01-17T17:38:32-08:00,0,215
projects/index.html,54,html,eac89714,Yuxuan Zhou,2025-01-17,17:38:32,-08:00,2025-01-17T17:38:32-08:00,0,9
projects/index.html,55,html,eac89714,Yuxuan Zhou,2025-01-17,17:38:32,-08:00,2025-01-17T17:38:32-08:00,0,8
projects/index.html,56,html,eac89714,Yuxuan Zhou,2025-01-17,17:38:32,-08:00,2025-01-17T17:38:32-08:00,0,51
projects/index.html,57,html,eac89714,Yuxuan Zhou,2025-01-17,17:38:32,-08:00,2025-01-17T17:38:32-08:00,0,71
projects/index.html,58,html,eac89714,Yuxuan Zhou,2025-01-17,17:38:32,-08:00,2025-01-17T17:38:32-08:00,0,222
projects/index.html,59,html,eac89714,Yuxuan Zhou,2025-01-17,17:38:32,-08:00,2025-01-17T17:38:32-08:00,0,9
projects/index.html,60,html,eac89714,Yuxuan Zhou,2025-01-17,17:38:32,-08:00,2025-01-17T17:38:32-08:00,0,8
projects/index.html,61,html,eac89714,Yuxuan Zhou,2025-01-17,17:38:32,-08:00,2025-01-17T17:38:32-08:00,0,50
projects/index.html,62,html,eac89714,Yuxuan Zhou,2025-01-17,17:38:32,-08:00,2025-01-17T17:38:32-08:00,0,71
projects/index.html,63,html,eac89714,Yuxuan Zhou,2025-01-17,17:38:32,-08:00,2025-01-17T17:38:32-08:00,0,250
projects/index.html,64,html,eac89714,Yuxuan Zhou,2025-01-17,17:38:32,-08:00,2025-01-17T17:38:32-08:00,0,9
projects/index.html,65,html,eac89714,Yuxuan Zhou,2025-01-17,17:38:32,-08:00,2025-01-17T17:38:32-08:00,0,8
projects/index.html,66,html,eac89714,Yuxuan Zhou,2025-01-17,17:38:32,-08:00,2025-01-17T17:38:32-08:00,0,37
projects/index.html,67,html,eac89714,Yuxuan Zhou,2025-01-17,17:38:32,-08:00,2025-01-17T17:38:32-08:00,0,71
projects/index.html,68,html,eac89714,Yuxuan Zhou,2025-01-17,17:38:32,-08:00,2025-01-17T17:38:32-08:00,0,242
projects/index.html,69,html,eac89714,Yuxuan Zhou,2025-01-17,17:38:32,-08:00,2025-01-17T17:38:32-08:00,0,9
projects/index.html,70,html,eac89714,Yuxuan Zhou,2025-01-17,17:38:32,-08:00,2025-01-17T17:38:32-08:00,0,8
projects/index.html,71,html,eac89714,Yuxuan Zhou,2025-01-17,17:38:32,-08:00,2025-01-17T17:38:32-08:00,0,37
projects/index.html,72,html,eac89714,Yuxuan Zhou,2025-01-17,17:38:32,-08:00,2025-01-17T17:38:32-08:00,0,71
projects/index.html,73,html,eac89714,Yuxuan Zhou,2025-01-17,17:38:32,-08:00,2025-01-17T17:38:32-08:00,0,212
projects/index.html,74,html,eac89714,Yuxuan Zhou,2025-01-17,17:38:32,-08:00,2025-01-17T17:38:32-08:00,0,9
projects/index.html,75,html,eac89714,Yuxuan Zhou,2025-01-17,17:38:32,-08:00,2025-01-17T17:38:32-08:00,0,8
projects/index.html,76,html,eac89714,Yuxuan Zhou,2025-01-17,17:38:32,-08:00,2025-01-17T17:38:32-08:00,0,48
projects/index.html,77,html,eac89714,Yuxuan Zhou,2025-01-17,17:38:32,-08:00,2025-01-17T17:38:32-08:00,0,71
projects/index.html,78,html,eac89714,Yuxuan Zhou,2025-01-17,17:38:32,-08:00,2025-01-17T17:38:32-08:00,0,242
projects/index.html,79,html,eac89714,Yuxuan Zhou,2025-01-17,17:38:32,-08:00,2025-01-17T17:38:32-08:00,0,9
projects/index.html,80,html,eac89714,Yuxuan Zhou,2025-01-17,17:38:32,-08:00,2025-01-17T17:38:32-08:00,0,8
projects/index.html,81,html,eac89714,Yuxuan Zhou,2025-01-17,17:38:32,-08:00,2025-01-17T17:38:32-08:00,0,36
projects/index.html,82,html,eac89714,Yuxuan Zhou,2025-01-17,17:38:32,-08:00,2025-01-17T17:38:32-08:00,0,71
projects/index.html,83,html,eac89714,Yuxuan Zhou,2025-01-17,17:38:32,-08:00,2025-01-17T17:38:32-08:00,0,229
projects/index.html,84,html,eac89714,Yuxuan Zhou,2025-01-17,17:38:32,-08:00,2025-01-17T17:38:32-08:00,0,9
projects/index.html,85,html,eac89714,Yuxuan Zhou,2025-01-17,17:38:32,-08:00,2025-01-17T17:38:32-08:00,0,8
projects/index.html,86,html,eac89714,Yuxuan Zhou,2025-01-17,17:38:32,-08:00,2025-01-17T17:38:32-08:00,0,32
projects/index.html,87,html,eac89714,Yuxuan Zhou,2025-01-17,17:38:32,-08:00,2025-01-17T17:38:32-08:00,0,71
projects/index.html,88,html,eac89714,Yuxuan Zhou,2025-01-17,17:38:32,-08:00,2025-01-17T17:38:32-08:00,0,225
projects/index.html,89,html,eac89714,Yuxuan Zhou,2025-01-17,17:38:32,-08:00,2025-01-17T17:38:32-08:00,0,9
projects/index.html,90,html,eac89714,Yuxuan Zhou,2025-01-17,17:38:32,-08:00,2025-01-17T17:38:32-08:00,0,8
projects/index.html,91,html,eac89714,Yuxuan Zhou,2025-01-17,17:38:32,-08:00,2025-01-17T17:38:32-08:00,0,44
projects/index.html,92,html,eac89714,Yuxuan Zhou,2025-01-17,17:38:32,-08:00,2025-01-17T17:38:32-08:00,0,71
projects/index.html,93,html,eac89714,Yuxuan Zhou,2025-01-17,17:38:32,-08:00,2025-01-17T17:38:32-08:00,0,246
projects/index.html,94,html,eac89714,Yuxuan Zhou,2025-01-17,17:38:32,-08:00,2025-01-17T17:38:32-08:00,0,9
projects/index.html,95,html,eac89714,Yuxuan Zhou,2025-01-17,17:38:32,-08:00,2025-01-17T17:38:32-08:00,0,8
projects/index.html,96,html,eac89714,Yuxuan Zhou,2025-01-17,17:38:32,-08:00,2025-01-17T17:38:32-08:00,0,36
projects/index.html,97,html,eac89714,Yuxuan Zhou,2025-01-17,17:38:32,-08:00,2025-01-17T17:38:32-08:00,0,71
projects/index.html,98,html,eac89714,Yuxuan Zhou,2025-01-17,17:38:32,-08:00,2025-01-17T17:38:32-08:00,0,245
projects/index.html,99,html,eac89714,Yuxuan Zhou,2025-01-17,17:38:32,-08:00,2025-01-17T17:38:32-08:00,0,9
projects/index.html,100,html,eac89714,Yuxuan Zhou,2025-01-17,17:38:32,-08:00,2025-01-17T17:38:32-08:00,0,8
projects/index.html,101,html,eac89714,Yuxuan Zhou,2025-01-17,17:38:32,-08:00,2025-01-17T17:38:32-08:00,0,32
projects/index.html,102,html,eac89714,Yuxuan Zhou,2025-01-17,17:38:32,-08:00,2025-01-17T17:38:32-08:00,0,71
projects/index.html,103,html,eac89714,Yuxuan Zhou,2025-01-17,17:38:32,-08:00,2025-01-17T17:38:32-08:00,0,232
projects/index.html,104,html,5de4a7f4,Yuxuan Zhou,2025-01-31,15:56:01,-08:00,2025-01-31T15:56:01-08:00,0,13
projects/index.html,105,html,eac89714,Yuxuan Zhou,2025-01-17,17:38:32,-08:00,2025-01-17T17:38:32-08:00,0,5
projects/index.html,106,html,5de4a7f4,Yuxuan Zhou,2025-01-31,15:56:01,-08:00,2025-01-31T15:56:01-08:00,0,0
projects/index.html,107,html,364515ed,Yuxuan Zhou,2025-01-24,20:54:12,-08:00,2025-01-24T20:54:12-08:00,0,49
projects/index.html,108,html,5de4a7f4,Yuxuan Zhou,2025-01-31,15:56:01,-08:00,2025-01-31T15:56:01-08:00,0,48
projects/index.html,109,html,6d0cbd47,Yuxuan Zhou,2025-01-10,14:22:44,-08:00,2025-01-10T14:22:44-08:00,0,6
projects/index.html,110,html,6d0cbd47,Yuxuan Zhou,2025-01-10,14:22:44,-08:00,2025-01-10T14:22:44-08:00,0,6
meta/index.html,1,html,d9d49563,kyxz1813,2025-02-13,15:27:43,-08:00,2025-02-13T15:27:43-08:00,0,14
meta/index.html,2,html,d9d49563,kyxz1813,2025-02-13,15:27:43,-08:00,2025-02-13T15:27:43-08:00,0,15
meta/index.html,3,html,d9d49563,kyxz1813,2025-02-13,15:27:43,-08:00,2025-02-13T15:27:43-08:00,0,5
meta/index.html,4,html,d9d49563,kyxz1813,2025-02-13,15:27:43,-08:00,2025-02-13T15:27:43-08:00,0,21
meta/index.html,5,html,d9d49563,kyxz1813,2025-02-13,15:27:43,-08:00,2025-02-13T15:27:43-08:00,0,69
meta/index.html,6,html,d9d49563,kyxz1813,2025-02-13,15:27:43,-08:00,2025-02-13T15:27:43-08:00,0,22
meta/index.html,7,html,d9d49563,kyxz1813,2025-02-13,15:27:43,-08:00,2025-02-13T15:27:43-08:00,0,6
meta/index.html,8,html,d9d49563,kyxz1813,2025-02-13,15:27:43,-08:00,2025-02-13T15:27:43-08:00,0,5
meta/index.html,9,html,d9d49563,kyxz1813,2025-02-13,15:27:43,-08:00,2025-02-13T15:27:43-08:00,0,0
meta/index.html,10,html,d9d49563,kyxz1813,2025-02-13,15:27:43,-08:00,2025-02-13T15:27:43-08:00,0,6
meta/index.html,11,html,d9d49563,kyxz1813,2025-02-13,15:27:43,-08:00,2025-02-13T15:27:43-08:00,0,6
cv/style.css,1,css,eac89714,Yuxuan Zhou,2025-01-17,17:38:32,-08:00,2025-01-17T17:38:32-08:00,0,6
cv/style.css,2,css,eac89714,Yuxuan Zhou,2025-01-17,17:38:32,-08:00,2025-01-17T17:38:32-08:00,0,34
cv/style.css,3,css,364515ed,Yuxuan Zhou,2025-01-24,20:54:12,-08:00,2025-01-24T20:54:12-08:00,0,24
cv/style.css,4,css,eac89714,Yuxuan Zhou,2025-01-17,17:38:32,-08:00,2025-01-17T17:38:32-08:00,0,0
cv/style.css,5,css,eac89714,Yuxuan Zhou,2025-01-17,17:38:32,-08:00,2025-01-17T17:38:32-08:00,0,4
cv/style.css,6,css,eac89714,Yuxuan Zhou,2025-01-17,17:38:32,-08:00,2025-01-17T17:38:32-08:00,0,33
cv/style.css,7,css,eac89714,Yuxuan Zhou,2025-01-17,17:38:32,-08:00,2025-01-17T17:38:32-08:00,0,0
cv/style.css,8,css,eac89714,Yuxuan Zhou,2025-01-17,17:38:32,-08:00,2025-01-17T17:38:32-08:00,0,5
cv/style.css,9,css,eac89714,Yuxuan Zhou,2025-01-17,17:38:32,-08:00,2025-01-17T17:38:32-08:00,0,44
cv/style.css,10,css,eac89714,Yuxuan Zhou,2025-01-17,17:38:32,-08:00,2025-01-17T17:38:32-08:00,0,43
cv/style.css,11,css,eac89714,Yuxuan Zhou,2025-01-17,17:38:32,-08:00,2025-01-17T17:38:32-08:00,0,1
cv/style.css,12,css,eac89714,Yuxuan Zhou,2025-01-17,17:38:32,-08:00,2025-01-17T17:38:32-08:00,0,24
cv/style.css,13,css,eac89714,Yuxuan Zhou,2025-01-17,17:38:32,-08:00,2025-01-17T17:38:32-08:00,0,14
cv/style.css,14,css,eac89714,Yuxuan Zhou,2025-01-17,17:38:32,-08:00,2025-01-17T17:38:32-08:00,0,19
cv/style.css,15,css,eac89714,Yuxuan Zhou,2025-01-17,17:38:32,-08:00,2025-01-17T17:38:32-08:00,0,21
cv/style.css,16,css,eac89714,Yuxuan Zhou,2025-01-17,17:38:32,-08:00,2025-01-17T17:38:32-08:00,0,24
cv/style.css,17,css,eac89714,Yuxuan Zhou,2025-01-17,17:38:32,-08:00,2025-01-17T17:38:32-08:00,0,14
cv/style.css,18,css,eac89714,Yuxuan Zhou,2025-01-17,17:38:32,-08:00,2025-01-17T17:38:32-08:00,0,25
cv/style.css,19,css,eac89714,Yuxuan Zhou,2025-01-17,17:38:32,-08:00,2025-01-17T17:38:32-08:00,0,16
cv/style.css,20,css,eac89714,Yuxuan Zhou,2025-01-17,17:38:32,-08:00,2025-01-17T17:38:32-08:00,0,0
cv/style.css,21,css,eac89714,Yuxuan Zhou,2025-01-17,17:38:32,-08:00,2025-01-17T17:38:32-08:00,0,3
cv/style.css,22,css,eac89714,Yuxuan Zhou,2025-01-17,17:38:32,-08:00,2025-01-17T17:38:32-08:00,0,13
cv/style.css,23,css,eac89714,Yuxuan Zhou,2025-01-17,17:38:32,-08:00,2025-01-17T17:38:32-08:00,0,14
cv/style.css,24,css,eac89714,Yuxuan Zhou,2025-01-17,17:38:32,-08:00,2025-01-17T17:38:32-08:00,0,14
cv/style.css,25,css,eac89714,Yuxuan Zhou,2025-01-17,17:38:32,-08:00,2025-01-17T17:38:32-08:00,0,18
cv/style.css,26,css,eac89714,Yuxuan Zhou,2025-01-17,17:38:32,-08:00,2025-01-17T17:38:32-08:00,0,21
cv/style.css,27,css,eac89714,Yuxuan Zhou,2025-01-17,17:38:32,-08:00,2025-01-17T17:38:32-08:00,0,19
cv/style.css,28,css,eac89714,Yuxuan Zhou,2025-01-17,17:38:32,-08:00,2025-01-17T17:38:32-08:00,0,24
cv/style.css,29,css,eac89714,Yuxuan Zhou,2025-01-17,17:38:32,-08:00,2025-01-17T17:38:32-08:00,0,26
cv/style.css,30,css,eac89714,Yuxuan Zhou,2025-01-17,17:38:32,-08:00,2025-01-17T17:38:32-08:00,0,38
cv/style.css,31,css,364515ed,Yuxuan Zhou,2025-01-24,20:54:12,-08:00,2025-01-24T20:54:12-08:00,0,40
cv/style.css,32,css,364515ed,Yuxuan Zhou,2025-01-24,20:54:12,-08:00,2025-01-24T20:54:12-08:00,0,40
cv/style.css,33,css,eac89714,Yuxuan Zhou,2025-01-17,17:38:32,-08:00,2025-01-17T17:38:32-08:00,0,0
cv/style.css,34,css,eac89714,Yuxuan Zhou,2025-01-17,17:38:32,-08:00,2025-01-17T17:38:32-08:00,0,7
cv/style.css,35,css,eac89714,Yuxuan Zhou,2025-01-17,17:38:32,-08:00,2025-01-17T17:38:32-08:00,0,14
cv/style.css,36,css,eac89714,Yuxuan Zhou,2025-01-17,17:38:32,-08:00,2025-01-17T17:38:32-08:00,0,17
cv/style.css,37,css,eac89714,Yuxuan Zhou,2025-01-17,17:38:32,-08:00,2025-01-17T17:38:32-08:00,0,0
cv/style.css,38,css,eac89714,Yuxuan Zhou,2025-01-17,17:38:32,-08:00,2025-01-17T17:38:32-08:00,0,6
cv/style.css,39,css,eac89714,Yuxuan Zhou,2025-01-17,17:38:32,-08:00,2025-01-17T17:38:32-08:00,0,17
cv/style.css,40,css,eac89714,Yuxuan Zhou,2025-01-17,17:38:32,-08:00,2025-01-17T17:38:32-08:00,0,0
cv/style.css,41,css,eac89714,Yuxuan Zhou,2025-01-17,17:38:32,-08:00,2025-01-17T17:38:32-08:00,0,5
cv/style.css,42,css,eac89714,Yuxuan Zhou,2025-01-17,17:38:32,-08:00,2025-01-17T17:38:32-08:00,0,7
cv/style.css,43,css,eac89714,Yuxuan Zhou,2025-01-17,17:38:32,-08:00,2025-01-17T17:38:32-08:00,0,21
cv/style.css,44,css,eac89714,Yuxuan Zhou,2025-01-17,17:38:32,-08:00,2025-01-17T17:38:32-08:00,0,0
cv/style.css,45,css,eac89714,Yuxuan Zhou,2025-01-17,17:38:32,-08:00,2025-01-17T17:38:32-08:00,0,13
cv/style.css,46,css,364515ed,Yuxuan Zhou,2025-01-24,20:54:12,-08:00,2025-01-24T20:54:12-08:00,0,15
cv/style.css,47,css,364515ed,Yuxuan Zhou,2025-01-24,20:54:12,-08:00,2025-01-24T20:54:12-08:00,0,32
cv/style.css,48,css,364515ed,Yuxuan Zhou,2025-01-24,20:54:12,-08:00,2025-01-24T20:54:12-08:00,0,58
cv/style.css,49,css,364515ed,Yuxuan Zhou,2025-01-24,20:54:12,-08:00,2025-01-24T20:54:12-08:00,0,70
cv/style.css,50,css,eac89714,Yuxuan Zhou,2025-01-17,17:38:32,-08:00,2025-01-17T17:38:32-08:00,0,0
cv/style.css,51,css,eac89714,Yuxuan Zhou,2025-01-17,17:38:32,-08:00,2025-01-17T17:38:32-08:00,0,12
cv/style.css,52,css,eac89714,Yuxuan Zhou,2025-01-17,17:38:32,-08:00,2025-01-17T17:38:32-08:00,0,15
cv/style.css,53,css,eac89714,Yuxuan Zhou,2025-01-17,17:38:32,-08:00,2025-01-17T17:38:32-08:00,0,57
cv/style.css,54,css,eac89714,Yuxuan Zhou,2025-01-17,17:38:32,-08:00,2025-01-17T17:38:32-08:00,0,0
cv/style.css,55,css,eac89714,Yuxuan Zhou,2025-01-17,17:38:32,-08:00,2025-01-17T17:38:32-08:00,0,6
cv/style.css,56,css,eac89714,Yuxuan Zhou,2025-01-17,17:38:32,-08:00,2025-01-17T17:38:32-08:00,0,18
cv/style.css,57,css,eac89714,Yuxuan Zhou,2025-01-17,17:38:32,-08:00,2025-01-17T17:38:32-08:00,0,22
cv/style.css,58,css,eac89714,Yuxuan Zhou,2025-01-17,17:38:32,-08:00,2025-01-17T17:38:32-08:00,0,19
cv/style.css,59,css,eac89714,Yuxuan Zhou,2025-01-17,17:38:32,-08:00,2025-01-17T17:38:32-08:00,0,14
cv/style.css,60,css,eac89714,Yuxuan Zhou,2025-01-17,17:38:32,-08:00,2025-01-17T17:38:32-08:00,0,13
cv/style.css,61,css,eac89714,Yuxuan Zhou,2025-01-17,17:38:32,-08:00,2025-01-17T17:38:32-08:00,0,12
cv/style.css,62,css,eac89714,Yuxuan Zhou,2025-01-17,17:38:32,-08:00,2025-01-17T17:38:32-08:00,0,17
cv/style.css,63,css,eac89714,Yuxuan Zhou,2025-01-17,17:38:32,-08:00,2025-01-17T17:38:32-08:00,0,8
cv/style.css,64,css,eac89714,Yuxuan Zhou,2025-01-17,17:38:32,-08:00,2025-01-17T17:38:32-08:00,0,31
cv/style.css,65,css,eac89714,Yuxuan Zhou,2025-01-17,17:38:32,-08:00,2025-01-17T17:38:32-08:00,0,12
cv/style.css,66,css,eac89714,Yuxuan Zhou,2025-01-17,17:38:32,-08:00,2025-01-17T17:38:32-08:00,0,0
cv/style.css,67,css,eac89714,Yuxuan Zhou,2025-01-17,17:38:32,-08:00,2025-01-17T17:38:32-08:00,0,6
cv/style.css,68,css,eac89714,Yuxuan Zhou,2025-01-17,17:38:32,-08:00,2025-01-17T17:38:32-08:00,0,13
cv/style.css,69,css,eac89714,Yuxuan Zhou,2025-01-17,17:38:32,-08:00,2025-01-17T17:38:32-08:00,0,18
cv/style.css,70,css,eac89714,Yuxuan Zhou,2025-01-17,17:38:32,-08:00,2025-01-17T17:38:32-08:00,0,26
cv/style.css,71,css,eac89714,Yuxuan Zhou,2025-01-17,17:38:32,-08:00,2025-01-17T17:38:32-08:00,0,25
cv/style.css,72,css,eac89714,Yuxuan Zhou,2025-01-17,17:38:32,-08:00,2025-01-17T17:38:32-08:00,0,24
cv/style.css,73,css,eac89714,Yuxuan Zhou,2025-01-17,17:38:32,-08:00,2025-01-17T17:38:32-08:00,0,26
cv/style.css,74,css,eac89714,Yuxuan Zhou,2025-01-17,17:38:32,-08:00,2025-01-17T17:38:32-08:00,0,28
cv/style.css,75,css,eac89714,Yuxuan Zhou,2025-01-17,17:38:32,-08:00,2025-01-17T17:38:32-08:00,0,21
cv/style.css,76,css,eac89714,Yuxuan Zhou,2025-01-17,17:38:32,-08:00,2025-01-17T17:38:32-08:00,0,0
cv/style.css,77,css,eac89714,Yuxuan Zhou,2025-01-17,17:38:32,-08:00,2025-01-17T17:38:32-08:00,0,8
cv/style.css,78,css,eac89714,Yuxuan Zhou,2025-01-17,17:38:32,-08:00,2025-01-17T17:38:32-08:00,0,20
cv/style.css,79,css,eac89714,Yuxuan Zhou,2025-01-17,17:38:32,-08:00,2025-01-17T17:38:32-08:00,0,7
cv/style.css,80,css,eac89714,Yuxuan Zhou,2025-01-17,17:38:32,-08:00,2025-01-17T17:38:32-08:00,0,23
cv/style.css,81,css,eac89714,Yuxuan Zhou,2025-01-17,17:38:32,-08:00,2025-01-17T17:38:32-08:00,0,21
cv/style.css,82,css,eac89714,Yuxuan Zhou,2025-01-17,17:38:32,-08:00,2025-01-17T17:38:32-08:00,0,0
cv/style.css,83,css,eac89714,Yuxuan Zhou,2025-01-17,17:38:32,-08:00,2025-01-17T17:38:32-08:00,0,8
cv/style.css,84,css,eac89714,Yuxuan Zhou,2025-01-17,17:38:32,-08:00,2025-01-17T17:38:32-08:00,0,23
cv/style.css,85,css,eac89714,Yuxuan Zhou,2025-01-17,17:38:32,-08:00,2025-01-17T17:38:32-08:00,0,21
cv/style.css,86,css,eac89714,Yuxuan Zhou,2025-01-17,17:38:32,-08:00,2025-01-17T17:38:32-08:00,0,7
cv/style.css,87,css,eac89714,Yuxuan Zhou,2025-01-17,17:38:32,-08:00,2025-01-17T17:38:32-08:00,0,0
cv/style.css,88,css,eac89714,Yuxuan Zhou,2025-01-17,17:38:32,-08:00,2025-01-17T17:38:32-08:00,0,7
cv/style.css,89,css,eac89714,Yuxuan Zhou,2025-01-17,17:38:32,-08:00,2025-01-17T17:38:32-08:00,0,14
cv/style.css,90,css,eac89714,Yuxuan Zhou,2025-01-17,17:38:32,-08:00,2025-01-17T17:38:32-08:00,0,23
cv/style.css,91,css,eac89714,Yuxuan Zhou,2025-01-17,17:38:32,-08:00,2025-01-17T17:38:32-08:00,0,7
cv/style.css,92,css,eac89714,Yuxuan Zhou,2025-01-17,17:38:32,-08:00,2025-01-17T17:38:32-08:00,0,21
cv/style.css,93,css,eac89714,Yuxuan Zhou,2025-01-17,17:38:32,-08:00,2025-01-17T17:38:32-08:00,0,0
cv/style.css,94,css,eac89714,Yuxuan Zhou,2025-01-17,17:38:32,-08:00,2025-01-17T17:38:32-08:00,0,0
cv/style.css,95,css,eac89714,Yuxuan Zhou,2025-01-17,17:38:32,-08:00,2025-01-17T17:38:32-08:00,0,18
cv/style.css,96,css,eac89714,Yuxuan Zhou,2025-01-17,17:38:32,-08:00,2025-01-17T17:38:32-08:00,0,42
cv/style.css,97,css,eac89714,Yuxuan Zhou,2025-01-17,17:38:32,-08:00,2025-01-17T17:38:32-08:00,0,64
cv/style.css,98,css,eac89714,Yuxuan Zhou,2025-01-17,17:38:32,-08:00,2025-01-17T17:38:32-08:00,0,62
cv/style.css,99,css,eac89714,Yuxuan Zhou,2025-01-17,17:38:32,-08:00,2025-01-17T17:38:32-08:00,0,0
cv/style.css,100,css,eac89714,Yuxuan Zhou,2025-01-17,17:38:32,-08:00,2025-01-17T17:38:32-08:00,0,0
cv/style.css,101,css,eac89714,Yuxuan Zhou,2025-01-17,17:38:32,-08:00,2025-01-17T17:38:32-08:00,0,23
cv/style.css,102,css,eac89714,Yuxuan Zhou,2025-01-17,17:38:32,-08:00,2025-01-17T17:38:32-08:00,0,62
cv/style.css,103,css,eac89714,Yuxuan Zhou,2025-01-17,17:38:32,-08:00,2025-01-17T17:38:32-08:00,0,0
cv/style.css,104,css,364515ed,Yuxuan Zhou,2025-01-24,20:54:12,-08:00,2025-01-24T20:54:12-08:00,0,18
cv/style.css,105,css,364515ed,Yuxuan Zhou,2025-01-24,20:54:12,-08:00,2025-01-24T20:54:12-08:00,0,18
cv/style.css,106,css,364515ed,Yuxuan Zhou,2025-01-24,20:54:12,-08:00,2025-01-24T20:54:12-08:00,0,0
cv/index.html,1,html,650fde45,Yuxuan Zhou,2025-01-10,17:38:03,-08:00,2025-01-10T17:38:03-08:00,0,14
cv/index.html,2,html,650fde45,Yuxuan Zhou,2025-01-10,17:38:03,-08:00,2025-01-10T17:38:03-08:00,0,15
cv/index.html,3,html,6e9d6f2a,Yuxuan Zhou,2025-01-16,01:06:06,-08:00,2025-01-16T01:06:06-08:00,0,0
cv/index.html,4,html,650fde45,Yuxuan Zhou,2025-01-10,17:38:03,-08:00,2025-01-10T17:38:03-08:00,0,5
cv/index.html,5,html,eac89714,Yuxuan Zhou,2025-01-17,17:38:32,-08:00,2025-01-17T17:38:32-08:00,0,41
cv/index.html,6,html,650fde45,Yuxuan Zhou,2025-01-10,17:38:03,-08:00,2025-01-10T17:38:03-08:00,0,21
cv/index.html,7,html,650fde45,Yuxuan Zhou,2025-01-10,17:38:03,-08:00,2025-01-10T17:38:03-08:00,0,69
cv/index.html,8,html,650fde45,Yuxuan Zhou,2025-01-10,17:38:03,-08:00,2025-01-10T17:38:03-08:00,0,16
cv/index.html,9,html,364515ed,Yuxuan Zhou,2025-01-24,20:54:12,-08:00,2025-01-24T20:54:12-08:00,0,6
cv/index.html,10,html,364515ed,Yuxuan Zhou,2025-01-24,20:54:12,-08:00,2025-01-24T20:54:12-08:00,0,6
cv/index.html,11,html,364515ed,Yuxuan Zhou,2025-01-24,20:54:12,-08:00,2025-01-24T20:54:12-08:00,0,33
cv/index.html,12,html,364515ed,Yuxuan Zhou,2025-01-24,20:54:12,-08:00,2025-01-24T20:54:12-08:00,0,24
cv/index.html,13,html,364515ed,Yuxuan Zhou,2025-01-24,20:54:12,-08:00,2025-01-24T20:54:12-08:00,0,0
cv/index.html,14,html,364515ed,Yuxuan Zhou,2025-01-24,20:54:12,-08:00,2025-01-24T20:54:12-08:00,0,7
cv/index.html,15,html,364515ed,Yuxuan Zhou,2025-01-24,20:54:12,-08:00,2025-01-24T20:54:12-08:00,0,6
cv/index.html,16,html,364515ed,Yuxuan Zhou,2025-01-24,20:54:12,-08:00,2025-01-24T20:54:12-08:00,0,6
cv/index.html,17,html,364515ed,Yuxuan Zhou,2025-01-24,20:54:12,-08:00,2025-01-24T20:54:12-08:00,0,33
cv/index.html,18,html,364515ed,Yuxuan Zhou,2025-01-24,20:54:12,-08:00,2025-01-24T20:54:12-08:00,0,24
cv/index.html,19,html,364515ed,Yuxuan Zhou,2025-01-24,20:54:12,-08:00,2025-01-24T20:54:12-08:00,0,0
cv/index.html,20,html,364515ed,Yuxuan Zhou,2025-01-24,20:54:12,-08:00,2025-01-24T20:54:12-08:00,0,7
cv/index.html,21,html,650fde45,Yuxuan Zhou,2025-01-10,17:38:03,-08:00,2025-01-10T17:38:03-08:00,0,6
cv/index.html,22,html,6e9d6f2a,Yuxuan Zhou,2025-01-16,01:06:06,-08:00,2025-01-16T01:06:06-08:00,0,0
cv/index.html,23,html,650fde45,Yuxuan Zhou,2025-01-10,17:38:03,-08:00,2025-01-10T17:38:03-08:00,0,5
cv/index.html,24,html,364515ed,Yuxuan Zhou,2025-01-24,20:54:12,-08:00,2025-01-24T20:54:12-08:00,0,9
cv/index.html,25,html,eac89714,Yuxuan Zhou,2025-01-17,17:38:32,-08:00,2025-01-17T17:38:32-08:00,0,3
cv/index.html,26,html,eac89714,Yuxuan Zhou,2025-01-17,17:38:32,-08:00,2025-01-17T17:38:32-08:00,0,40
cv/index.html,27,html,eac89714,Yuxuan Zhou,2025-01-17,17:38:32,-08:00,2025-01-17T17:38:32-08:00,0,53
cv/index.html,28,html,eac89714,Yuxuan Zhou,2025-01-17,17:38:32,-08:00,2025-01-17T17:38:32-08:00,0,51
cv/index.html,29,html,364515ed,Yuxuan Zhou,2025-01-24,20:54:12,-08:00,2025-01-24T20:54:12-08:00,0,35
cv/index.html,30,html,eac89714,Yuxuan Zhou,2025-01-17,17:38:32,-08:00,2025-01-17T17:38:32-08:00,0,73
cv/index.html,31,html,eac89714,Yuxuan Zhou,2025-01-17,17:38:32,-08:00,2025-01-17T17:38:32-08:00,0,4
cv/index.html,32,html,364515ed,Yuxuan Zhou,2025-01-24,20:54:12,-08:00,2025-01-24T20:54:12-08:00,0,9
cv/index.html,33,html,eac89714,Yuxuan Zhou,2025-01-17,17:38:32,-08:00,2025-01-17T17:38:32-08:00,0,17
cv/index.html,34,html,eac89714,Yuxuan Zhou,2025-01-17,17:38:32,-08:00,2025-01-17T17:38:32-08:00,0,85
cv/index.html,35,html,eac89714,Yuxuan Zhou,2025-01-17,17:38:32,-08:00,2025-01-17T17:38:32-08:00,0,5
cv/index.html,36,html,eac89714,Yuxuan Zhou,2025-01-17,17:38:32,-08:00,2025-01-17T17:38:32-08:00,0,11
cv/index.html,37,html,eac89714,Yuxuan Zhou,2025-01-17,17:38:32,-08:00,2025-01-17T17:38:32-08:00,0,18
cv/index.html,38,html,eac89714,Yuxuan Zhou,2025-01-17,17:38:32,-08:00,2025-01-17T17:38:32-08:00,0,20
cv/index.html,39,html,eac89714,Yuxuan Zhou,2025-01-17,17:38:32,-08:00,2025-01-17T17:38:32-08:00,0,21
cv/index.html,40,html,eac89714,Yuxuan Zhou,2025-01-17,17:38:32,-08:00,2025-01-17T17:38:32-08:00,0,71
cv/index.html,41,html,eac89714,Yuxuan Zhou,2025-01-17,17:38:32,-08:00,2025-01-17T17:38:32-08:00,0,4
cv/index.html,42,html,650fde45,Yuxuan Zhou,2025-01-10,17:38:03,-08:00,2025-01-10T17:38:03-08:00,0,8
cv/index.html,43,html,650fde45,Yuxuan Zhou,2025-01-10,17:38:03,-08:00,2025-01-10T17:38:03-08:00,0,8
cv/index.html,44,html,650fde45,Yuxuan Zhou,2025-01-10,17:38:03,-08:00,2025-01-10T17:38:03-08:00,0,17
cv/index.html,45,html,eac89714,Yuxuan Zhou,2025-01-17,17:38:32,-08:00,2025-01-17T17:38:32-08:00,0,91
cv/index.html,46,html,650fde45,Yuxuan Zhou,2025-01-10,17:38:03,-08:00,2025-01-10T17:38:03-08:00,0,70
cv/index.html,47,html,650fde45,Yuxuan Zhou,2025-01-10,17:38:03,-08:00,2025-01-10T17:38:03-08:00,0,9
cv/index.html,48,html,650fde45,Yuxuan Zhou,2025-01-10,17:38:03,-08:00,2025-01-10T17:38:03-08:00,0,8
cv/index.html,49,html,650fde45,Yuxuan Zhou,2025-01-10,17:38:03,-08:00,2025-01-10T17:38:03-08:00,0,14
cv/index.html,50,html,650fde45,Yuxuan Zhou,2025-01-10,17:38:03,-08:00,2025-01-10T17:38:03-08:00,0,3
cv/index.html,51,html,650fde45,Yuxuan Zhou,2025-01-10,17:38:03,-08:00,2025-01-10T17:38:03-08:00,0,14
cv/index.html,52,html,650fde45,Yuxuan Zhou,2025-01-10,17:38:03,-08:00,2025-01-10T17:38:03-08:00,0,16
cv/index.html,53,html,650fde45,Yuxuan Zhou,2025-01-10,17:38:03,-08:00,2025-01-10T17:38:03-08:00,0,4
cv/index.html,54,html,650fde45,Yuxuan Zhou,2025-01-10,17:38:03,-08:00,2025-01-10T17:38:03-08:00,0,9
cv/index.html,55,html,650fde45,Yuxuan Zhou,2025-01-10,17:38:03,-08:00,2025-01-10T17:38:03-08:00,0,8
cv/index.html,56,html,650fde45,Yuxuan Zhou,2025-01-10,17:38:03,-08:00,2025-01-10T17:38:03-08:00,0,31
cv/index.html,57,html,650fde45,Yuxuan Zhou,2025-01-10,17:38:03,-08:00,2025-01-10T17:38:03-08:00,0,28
cv/index.html,58,html,650fde45,Yuxuan Zhou,2025-01-10,17:38:03,-08:00,2025-01-10T17:38:03-08:00,0,9
cv/index.html,59,html,650fde45,Yuxuan Zhou,2025-01-10,17:38:03,-08:00,2025-01-10T17:38:03-08:00,0,9
cv/index.html,60,html,364515ed,Yuxuan Zhou,2025-01-24,20:54:12,-08:00,2025-01-24T20:54:12-08:00,0,49
cv/index.html,61,html,650fde45,Yuxuan Zhou,2025-01-10,17:38:03,-08:00,2025-01-10T17:38:03-08:00,0,6
cv/index.html,62,html,650fde45,Yuxuan Zhou,2025-01-10,17:38:03,-08:00,2025-01-10T17:38:03-08:00,0,6
contact/index.html,1,html,6d0cbd47,Yuxuan Zhou,2025-01-10,14:22:44,-08:00,2025-01-10T14:22:44-08:00,0,14
contact/index.html,2,html,6d0cbd47,Yuxuan Zhou,2025-01-10,14:22:44,-08:00,2025-01-10T14:22:44-08:00,0,15
contact/index.html,3,html,6e9d6f2a,Yuxuan Zhou,2025-01-16,01:06:06,-08:00,2025-01-16T01:06:06-08:00,0,0
contact/index.html,4,html,6d0cbd47,Yuxuan Zhou,2025-01-10,14:22:44,-08:00,2025-01-10T14:22:44-08:00,0,5
contact/index.html,5,html,eac89714,Yuxuan Zhou,2025-01-17,17:38:32,-08:00,2025-01-17T17:38:32-08:00,0,44
contact/index.html,6,html,6d0cbd47,Yuxuan Zhou,2025-01-10,14:22:44,-08:00,2025-01-10T14:22:44-08:00,0,21
contact/index.html,7,html,6d0cbd47,Yuxuan Zhou,2025-01-10,14:22:44,-08:00,2025-01-10T14:22:44-08:00,0,69
contact/index.html,8,html,650fde45,Yuxuan Zhou,2025-01-10,17:38:03,-08:00,2025-01-10T17:38:03-08:00,0,21
contact/index.html,9,html,6d0cbd47,Yuxuan Zhou,2025-01-10,14:22:44,-08:00,2025-01-10T14:22:44-08:00,0,6
contact/index.html,10,html,6e9d6f2a,Yuxuan Zhou,2025-01-16,01:06:06,-08:00,2025-01-16T01:06:06-08:00,0,0
contact/index.html,11,html,6d0cbd47,Yuxuan Zhou,2025-01-10,14:22:44,-08:00,2025-01-10T14:22:44-08:00,0,5
contact/index.html,12,html,364515ed,Yuxuan Zhou,2025-01-24,20:54:12,-08:00,2025-01-24T20:54:12-08:00,0,9
contact/index.html,13,html,eac89714,Yuxuan Zhou,2025-01-17,17:38:32,-08:00,2025-01-17T17:38:32-08:00,0,3
contact/index.html,14,html,eac89714,Yuxuan Zhou,2025-01-17,17:38:32,-08:00,2025-01-17T17:38:32-08:00,0,40
contact/index.html,15,html,eac89714,Yuxuan Zhou,2025-01-17,17:38:32,-08:00,2025-01-17T17:38:32-08:00,0,53
contact/index.html,16,html,364515ed,Yuxuan Zhou,2025-01-24,20:54:12,-08:00,2025-01-24T20:54:12-08:00,0,40
contact/index.html,17,html,eac89714,Yuxuan Zhou,2025-01-17,17:38:32,-08:00,2025-01-17T17:38:32-08:00,0,41
contact/index.html,18,html,eac89714,Yuxuan Zhou,2025-01-17,17:38:32,-08:00,2025-01-17T17:38:32-08:00,0,73
contact/index.html,19,html,eac89714,Yuxuan Zhou,2025-01-17,17:38:32,-08:00,2025-01-17T17:38:32-08:00,0,4
contact/index.html,20,html,364515ed,Yuxuan Zhou,2025-01-24,20:54:12,-08:00,2025-01-24T20:54:12-08:00,0,9
contact/index.html,21,html,570d4f88,Yuxuan Zhou,2025-01-10,14:52:42,-08:00,2025-01-10T14:52:42-08:00,0,15
contact/index.html,22,html,364515ed,Yuxuan Zhou,2025-01-24,20:54:12,-08:00,2025-01-24T20:54:12-08:00,0,51
contact/index.html,23,html,eac89714,Yuxuan Zhou,2025-01-17,17:38:32,-08:00,2025-01-17T17:38:32-08:00,0,36
contact/index.html,24,html,570d4f88,Yuxuan Zhou,2025-01-10,14:52:42,-08:00,2025-01-10T14:52:42-08:00,0,36
contact/index.html,25,html,650fde45,Yuxuan Zhou,2025-01-10,17:38:03,-08:00,2025-01-10T17:38:03-08:00,0,40
contact/index.html,26,html,570d4f88,Yuxuan Zhou,2025-01-10,14:52:42,-08:00,2025-01-10T14:52:42-08:00,0,25
contact/index.html,27,html,650fde45,Yuxuan Zhou,2025-01-10,17:38:03,-08:00,2025-01-10T17:38:03-08:00,0,34
contact/index.html,28,html,eac89714,Yuxuan Zhou,2025-01-17,17:38:32,-08:00,2025-01-17T17:38:32-08:00,0,32
contact/index.html,29,html,eac89714,Yuxuan Zhou,2025-01-17,17:38:32,-08:00,2025-01-17T17:38:32-08:00,0,20
contact/index.html,30,html,570d4f88,Yuxuan Zhou,2025-01-10,14:52:42,-08:00,2025-01-10T14:52:42-08:00,0,0
contact/index.html,31,html,570d4f88,Yuxuan Zhou,2025-01-10,14:52:42,-08:00,2025-01-10T14:52:42-08:00,0,6
contact/index.html,32,html,364515ed,Yuxuan Zhou,2025-01-24,20:54:12,-08:00,2025-01-24T20:54:12-08:00,0,49
contact/index.html,33,html,6d0cbd47,Yuxuan Zhou,2025-01-10,14:22:44,-08:00,2025-01-10T14:22:44-08:00,0,6
contact/index.html,34,html,6d0cbd47,Yuxuan Zhou,2025-01-10,14:22:44,-08:00,2025-01-10T14:22:44-08:00,0,6
